episodio,recompensa
1,-200.0
2,-200.0
3,-200.0
4,-200.0
5,-200.0
6,-200.0
7,-200.0
8,-200.0
9,-200.0
10,-200.0
11,-200.0
12,-200.0
13,-200.0
14,-200.0
15,-200.0
16,-200.0
17,-200.0
18,-200.0
19,-200.0
20,-200.0
21,-200.0
22,-200.0
23,-200.0
24,-200.0
25,-200.0
26,-200.0
27,-200.0
28,-200.0
29,-200.0
30,-200.0
31,-200.0
32,-200.0
33,-200.0
34,-200.0
35,-200.0
36,-200.0
37,-200.0
38,-200.0
39,-200.0
40,-200.0
41,-200.0
42,-200.0
43,-200.0
44,-200.0
45,-200.0
46,-200.0
47,-200.0
48,-200.0
49,-200.0
50,-200.0
51,-200.0
52,-200.0
53,-200.0
54,-200.0
55,-200.0
56,-200.0
57,-200.0
58,-200.0
59,-200.0
60,-200.0
61,-200.0
62,-200.0
63,-200.0
64,-200.0
65,-200.0
66,-200.0
67,-200.0
68,-200.0
69,-200.0
70,-200.0
71,-200.0
72,-200.0
73,-200.0
74,-200.0
75,-200.0
76,-200.0
77,-200.0
78,-200.0
79,-200.0
80,-200.0
81,-200.0
82,-200.0
83,-200.0
84,-200.0
85,-200.0
86,-200.0
87,-200.0
88,-200.0
89,-200.0
90,-200.0
91,-200.0
92,-200.0
93,-200.0
94,-200.0
95,-200.0
96,-200.0
97,-200.0
98,-200.0
99,-200.0
100,-200.0
101,-200.0
102,-200.0
103,-200.0
104,-200.0
105,-200.0
106,-200.0
107,-200.0
108,-200.0
109,-200.0
110,-200.0
111,-200.0
112,-200.0
113,-200.0
114,-200.0
115,-200.0
116,-200.0
117,-200.0
118,-200.0
119,-200.0
120,-200.0
121,-200.0
122,-200.0
123,-200.0
124,-200.0
125,-200.0
126,-200.0
127,-200.0
128,-200.0
129,-200.0
130,-200.0
131,-200.0
132,-200.0
133,-200.0
134,-200.0
135,-200.0
136,-200.0
137,-200.0
138,-200.0
139,-200.0
140,-200.0
141,-200.0
142,-200.0
143,-200.0
144,-200.0
145,-200.0
146,-200.0
147,-200.0
148,-200.0
149,-200.0
150,-200.0
151,-200.0
152,-200.0
153,-200.0
154,-200.0
155,-200.0
156,-200.0
157,-200.0
158,-200.0
159,-200.0
160,-200.0
161,-200.0
162,-200.0
163,-200.0
164,-200.0
165,-200.0
166,-200.0
167,-200.0
168,-200.0
169,-200.0
170,-200.0
171,-200.0
172,-200.0
173,-200.0
174,-200.0
175,-200.0
176,-200.0
177,-200.0
178,-200.0
179,-200.0
180,-200.0
181,-200.0
182,-200.0
183,-200.0
184,-200.0
185,-200.0
186,-200.0
187,-200.0
188,-200.0
189,-200.0
190,-200.0
191,-200.0
192,-200.0
193,-200.0
194,-200.0
195,-200.0
196,-200.0
197,-200.0
198,-200.0
199,-200.0
200,-200.0
201,-200.0
202,-200.0
203,-200.0
204,-200.0
205,-200.0
206,-200.0
207,-200.0
208,-200.0
209,-200.0
210,-200.0
211,-200.0
212,-200.0
213,-200.0
214,-200.0
215,-200.0
216,-200.0
217,-200.0
218,-200.0
219,-200.0
220,-200.0
221,-200.0
222,-200.0
223,-200.0
224,-200.0
225,-200.0
226,-200.0
227,-200.0
228,-200.0
229,-200.0
230,-200.0
231,-200.0
232,-200.0
233,-200.0
234,-200.0
235,-200.0
236,-200.0
237,-200.0
238,-200.0
239,-200.0
240,-200.0
241,-200.0
242,-200.0
243,-200.0
244,-200.0
245,-200.0
246,-200.0
247,-200.0
248,-200.0
249,-200.0
250,-200.0
251,-200.0
252,-200.0
253,-200.0
254,-200.0
255,-200.0
256,-200.0
257,-200.0
258,-200.0
259,-200.0
260,-200.0
261,-200.0
262,-200.0
263,-200.0
264,-200.0
265,-200.0
266,-200.0
267,-200.0
268,-200.0
269,-200.0
270,-200.0
271,-200.0
272,-200.0
273,-200.0
274,-200.0
275,-200.0
276,-200.0
277,-200.0
278,-200.0
279,-200.0
280,-200.0
281,-200.0
282,-200.0
283,-200.0
284,-200.0
285,-200.0
286,-200.0
287,-200.0
288,-200.0
289,-200.0
290,-200.0
291,-200.0
292,-200.0
293,-200.0
294,-200.0
295,-200.0
296,-200.0
297,-200.0
298,-200.0
299,-200.0
300,-200.0
301,-200.0
302,-200.0
303,-200.0
304,-200.0
305,-200.0
306,-200.0
307,-200.0
308,-200.0
309,-200.0
310,-200.0
311,-200.0
312,-200.0
313,-200.0
314,-200.0
315,-200.0
316,-200.0
317,-200.0
318,-200.0
319,-200.0
320,-200.0
321,-200.0
322,-200.0
323,-200.0
324,-200.0
325,-200.0
326,-200.0
327,-200.0
328,-200.0
329,-200.0
330,-200.0
331,-200.0
332,-200.0
333,-200.0
334,-200.0
335,-200.0
336,-200.0
337,-200.0
338,-200.0
339,-200.0
340,-200.0
341,-200.0
342,-200.0
343,-200.0
344,-200.0
345,-200.0
346,-200.0
347,-200.0
348,-200.0
349,-200.0
350,-200.0
351,-200.0
352,-200.0
353,-200.0
354,-200.0
355,-200.0
356,-200.0
357,-200.0
358,-200.0
359,-200.0
360,-200.0
361,-200.0
362,-200.0
363,-200.0
364,-200.0
365,-200.0
366,-200.0
367,-200.0
368,-200.0
369,-200.0
370,-200.0
371,-200.0
372,-200.0
373,-200.0
374,-200.0
375,-200.0
376,-200.0
377,-200.0
378,-200.0
379,-200.0
380,-200.0
381,-200.0
382,-200.0
383,-200.0
384,-200.0
385,-200.0
386,-200.0
387,-200.0
388,-200.0
389,-200.0
390,-200.0
391,-200.0
392,-200.0
393,-200.0
394,-200.0
395,-200.0
396,-200.0
397,-200.0
398,-200.0
399,-200.0
400,-200.0
401,-200.0
402,-200.0
403,-200.0
404,-200.0
405,-200.0
406,-200.0
407,-200.0
408,-200.0
409,-200.0
410,-200.0
411,-200.0
412,-200.0
413,-200.0
414,-200.0
415,-200.0
416,-200.0
417,-200.0
418,-200.0
419,-200.0
420,-200.0
421,-200.0
422,-200.0
423,-200.0
424,-200.0
425,-200.0
426,-200.0
427,-200.0
428,-200.0
429,-200.0
430,-200.0
431,-200.0
432,-200.0
433,-200.0
434,-200.0
435,-200.0
436,-200.0
437,-200.0
438,-200.0
439,-200.0
440,-200.0
441,-200.0
442,-200.0
443,-200.0
444,-200.0
445,-200.0
446,-200.0
447,-200.0
448,-200.0
449,-200.0
450,-200.0
451,-200.0
452,-200.0
453,-200.0
454,-200.0
455,-200.0
456,-200.0
457,-200.0
458,-200.0
459,-200.0
460,-200.0
461,-200.0
462,-200.0
463,-200.0
464,-200.0
465,-200.0
466,-200.0
467,-200.0
468,-200.0
469,-200.0
470,-200.0
471,-200.0
472,-200.0
473,-200.0
474,-200.0
475,-200.0
476,-200.0
477,-200.0
478,-200.0
479,-200.0
480,-200.0
481,-200.0
482,-200.0
483,-200.0
484,-200.0
485,-200.0
486,-200.0
487,-200.0
488,-200.0
489,-200.0
490,-200.0
491,-200.0
492,-200.0
493,-200.0
494,-200.0
495,-200.0
496,-200.0
497,-200.0
498,-200.0
499,-200.0
500,-200.0
501,-200.0
502,-200.0
503,-200.0
504,-200.0
505,-200.0
506,-200.0
507,-200.0
508,-200.0
509,-200.0
510,-200.0
511,-200.0
512,-200.0
513,-200.0
514,-200.0
515,-200.0
516,-200.0
517,-200.0
518,-200.0
519,-200.0
520,-200.0
521,-200.0
522,-200.0
523,-200.0
524,-200.0
525,-200.0
526,-200.0
527,-200.0
528,-200.0
529,-200.0
530,-200.0
531,-200.0
532,-200.0
533,-200.0
534,-200.0
535,-200.0
536,-200.0
537,-200.0
538,-200.0
539,-200.0
540,-200.0
541,-200.0
542,-200.0
543,-200.0
544,-200.0
545,-200.0
546,-200.0
547,-200.0
548,-200.0
549,-200.0
550,-200.0
551,-200.0
552,-200.0
553,-200.0
554,-200.0
555,-200.0
556,-200.0
557,-200.0
558,-200.0
559,-200.0
560,-200.0
561,-200.0
562,-200.0
563,-200.0
564,-200.0
565,-200.0
566,-200.0
567,-200.0
568,-200.0
569,-200.0
570,-200.0
571,-200.0
572,-200.0
573,-200.0
574,-200.0
575,-200.0
576,-200.0
577,-200.0
578,-200.0
579,-200.0
580,-200.0
581,-200.0
582,-200.0
583,-200.0
584,-200.0
585,-200.0
586,-200.0
587,-200.0
588,-200.0
589,-200.0
590,-200.0
591,-200.0
592,-200.0
593,-200.0
594,-200.0
595,-200.0
596,-200.0
597,-200.0
598,-200.0
599,-200.0
600,-200.0
601,-200.0
602,-200.0
603,-200.0
604,-200.0
605,-200.0
606,-200.0
607,-200.0
608,-200.0
609,-200.0
610,-200.0
611,-200.0
612,-200.0
613,-200.0
614,-200.0
615,-200.0
616,-200.0
617,-200.0
618,-200.0
619,-200.0
620,-200.0
621,-200.0
622,-200.0
623,-200.0
624,-200.0
625,-200.0
626,-200.0
627,-200.0
628,-200.0
629,-200.0
630,-200.0
631,-200.0
632,-200.0
633,-200.0
634,-200.0
635,-200.0
636,-200.0
637,-200.0
638,-200.0
639,-200.0
640,-200.0
641,-200.0
642,-200.0
643,-200.0
644,-200.0
645,-200.0
646,-200.0
647,-200.0
648,-200.0
649,-200.0
650,-200.0
651,-200.0
652,-200.0
653,-200.0
654,-200.0
655,-200.0
656,-200.0
657,-200.0
658,-200.0
659,-200.0
660,-200.0
661,-200.0
662,-200.0
663,-200.0
664,-200.0
665,-200.0
666,-200.0
667,-200.0
668,-200.0
669,-200.0
670,-200.0
671,-200.0
672,-200.0
673,-200.0
674,-200.0
675,-200.0
676,-200.0
677,-200.0
678,-200.0
679,-200.0
680,-200.0
681,-200.0
682,-200.0
683,-200.0
684,-200.0
685,-200.0
686,-200.0
687,-200.0
688,-200.0
689,-200.0
690,-200.0
691,-200.0
692,-200.0
693,-200.0
694,-200.0
695,-200.0
696,-200.0
697,-200.0
698,-200.0
699,-200.0
700,-200.0
701,-200.0
702,-200.0
703,-200.0
704,-200.0
705,-200.0
706,-200.0
707,-200.0
708,-200.0
709,-200.0
710,-200.0
711,-200.0
712,-200.0
713,-200.0
714,-200.0
715,-200.0
716,-200.0
717,-200.0
718,-200.0
719,-200.0
720,-200.0
721,-200.0
722,-200.0
723,-200.0
724,-200.0
725,-200.0
726,-200.0
727,-200.0
728,-200.0
729,-200.0
730,-200.0
731,-200.0
732,-200.0
733,-200.0
734,-200.0
735,-200.0
736,-200.0
737,-200.0
738,-200.0
739,-200.0
740,-200.0
741,-200.0
742,-200.0
743,-200.0
744,-200.0
745,-200.0
746,-200.0
747,-200.0
748,-200.0
749,-200.0
750,-200.0
751,-200.0
752,-200.0
753,-200.0
754,-200.0
755,-200.0
756,-200.0
757,-200.0
758,-200.0
759,-200.0
760,-200.0
761,-200.0
762,-200.0
763,-200.0
764,-200.0
765,-200.0
766,-200.0
767,-200.0
768,-200.0
769,-200.0
770,-200.0
771,-200.0
772,-200.0
773,-200.0
774,-200.0
775,-200.0
776,-200.0
777,-200.0
778,-200.0
779,-200.0
780,-200.0
781,-200.0
782,-200.0
783,-200.0
784,-200.0
785,-200.0
786,-200.0
787,-200.0
788,-200.0
789,-200.0
790,-200.0
791,-200.0
792,-200.0
793,-200.0
794,-200.0
795,-200.0
796,-200.0
797,-200.0
798,-200.0
799,-200.0
800,-200.0
801,-200.0
802,-200.0
803,-200.0
804,-200.0
805,-200.0
806,-200.0
807,-200.0
808,-200.0
809,-200.0
810,-200.0
811,-200.0
812,-200.0
813,-200.0
814,-200.0
815,-200.0
816,-200.0
817,-200.0
818,-200.0
819,-200.0
820,-200.0
821,-200.0
822,-200.0
823,-200.0
824,-200.0
825,-200.0
826,-200.0
827,-200.0
828,-200.0
829,-200.0
830,-200.0
831,-200.0
832,-200.0
833,-200.0
834,-200.0
835,-200.0
836,-200.0
837,-200.0
838,-200.0
839,-200.0
840,-200.0
841,-200.0
842,-200.0
843,-200.0
844,-200.0
845,-200.0
846,-200.0
847,-200.0
848,-200.0
849,-200.0
850,-200.0
851,-200.0
852,-200.0
853,-200.0
854,-200.0
855,-200.0
856,-200.0
857,-200.0
858,-200.0
859,-200.0
860,-200.0
861,-200.0
862,-200.0
863,-200.0
864,-200.0
865,-200.0
866,-200.0
867,-200.0
868,-200.0
869,-200.0
870,-200.0
871,-200.0
872,-200.0
873,-200.0
874,-200.0
875,-200.0
876,-200.0
877,-200.0
878,-200.0
879,-200.0
880,-200.0
881,-200.0
882,-200.0
883,-200.0
884,-200.0
885,-200.0
886,-200.0
887,-200.0
888,-200.0
889,-200.0
890,-200.0
891,-200.0
892,-200.0
893,-200.0
894,-200.0
895,-200.0
896,-200.0
897,-200.0
898,-200.0
899,-200.0
900,-200.0
901,-200.0
902,-200.0
903,-200.0
904,-200.0
905,-200.0
906,-200.0
907,-200.0
908,-200.0
909,-200.0
910,-200.0
911,-200.0
912,-200.0
913,-200.0
914,-200.0
915,-200.0
916,-200.0
917,-200.0
918,-200.0
919,-200.0
920,-200.0
921,-200.0
922,-200.0
923,-200.0
924,-200.0
925,-200.0
926,-200.0
927,-200.0
928,-200.0
929,-200.0
930,-200.0
931,-200.0
932,-200.0
933,-200.0
934,-200.0
935,-200.0
936,-200.0
937,-200.0
938,-200.0
939,-200.0
940,-200.0
941,-200.0
942,-200.0
943,-200.0
944,-200.0
945,-200.0
946,-200.0
947,-200.0
948,-200.0
949,-200.0
950,-200.0
951,-200.0
952,-200.0
953,-200.0
954,-200.0
955,-200.0
956,-200.0
957,-200.0
958,-200.0
959,-200.0
960,-200.0
961,-200.0
962,-200.0
963,-200.0
964,-200.0
965,-200.0
966,-200.0
967,-200.0
968,-200.0
969,-200.0
970,-200.0
971,-200.0
972,-200.0
973,-200.0
974,-200.0
975,-200.0
976,-200.0
977,-200.0
978,-200.0
979,-200.0
980,-200.0
981,-200.0
982,-200.0
983,-200.0
984,-200.0
985,-200.0
986,-200.0
987,-200.0
988,-200.0
989,-200.0
990,-200.0
991,-200.0
992,-200.0
993,-200.0
994,-200.0
995,-200.0
996,-200.0
997,-200.0
998,-200.0
999,-200.0
1000,-200.0
1001,-200.0
1002,-200.0
1003,-200.0
1004,-200.0
1005,-200.0
1006,-200.0
1007,-200.0
1008,-200.0
1009,-200.0
1010,-200.0
1011,-200.0
1012,-200.0
1013,-200.0
1014,-200.0
1015,-200.0
1016,-200.0
1017,-200.0
1018,-200.0
1019,-200.0
1020,-200.0
1021,-200.0
1022,-200.0
1023,-200.0
1024,-200.0
1025,-200.0
1026,-200.0
1027,-200.0
1028,-200.0
1029,-200.0
1030,-200.0
1031,-200.0
1032,-200.0
1033,-200.0
1034,-200.0
1035,-200.0
1036,-200.0
1037,-200.0
1038,-200.0
1039,-200.0
1040,-200.0
1041,-200.0
1042,-200.0
1043,-200.0
1044,-200.0
1045,-200.0
1046,-200.0
1047,-200.0
1048,-200.0
1049,-200.0
1050,-200.0
1051,-200.0
1052,-200.0
1053,-200.0
1054,-200.0
1055,-200.0
1056,-200.0
1057,-200.0
1058,-200.0
1059,-200.0
1060,-200.0
1061,-200.0
1062,-200.0
1063,-200.0
1064,-200.0
1065,-200.0
1066,-200.0
1067,-200.0
1068,-200.0
1069,-200.0
1070,-200.0
1071,-200.0
1072,-200.0
1073,-200.0
1074,-200.0
1075,-200.0
1076,-200.0
1077,-200.0
1078,-200.0
1079,-200.0
1080,-200.0
1081,-200.0
1082,-200.0
1083,-200.0
1084,-200.0
1085,-200.0
1086,-200.0
1087,-200.0
1088,-200.0
1089,-200.0
1090,-200.0
1091,-200.0
1092,-200.0
1093,-200.0
1094,-200.0
1095,-200.0
1096,-200.0
1097,-200.0
1098,-200.0
1099,-200.0
1100,-200.0
1101,-200.0
1102,-200.0
1103,-200.0
1104,-200.0
1105,-200.0
1106,-200.0
1107,-200.0
1108,-200.0
1109,-200.0
1110,-200.0
1111,-200.0
1112,-200.0
1113,-200.0
1114,-200.0
1115,-200.0
1116,-200.0
1117,-200.0
1118,-200.0
1119,-200.0
1120,-200.0
1121,-200.0
1122,-200.0
1123,-200.0
1124,-200.0
1125,-200.0
1126,-200.0
1127,-200.0
1128,-200.0
1129,-200.0
1130,-200.0
1131,-200.0
1132,-200.0
1133,-200.0
1134,-200.0
1135,-200.0
1136,-200.0
1137,-200.0
1138,-200.0
1139,-200.0
1140,-200.0
1141,-200.0
1142,-200.0
1143,-200.0
1144,-200.0
1145,-200.0
1146,-200.0
1147,-200.0
1148,-200.0
1149,-200.0
1150,-200.0
1151,-200.0
1152,-200.0
1153,-200.0
1154,-200.0
1155,-200.0
1156,-200.0
1157,-200.0
1158,-200.0
1159,-200.0
1160,-200.0
1161,-200.0
1162,-200.0
1163,-200.0
1164,-200.0
1165,-200.0
1166,-200.0
1167,-200.0
1168,-200.0
1169,-200.0
1170,-200.0
1171,-200.0
1172,-200.0
1173,-200.0
1174,-200.0
1175,-200.0
1176,-200.0
1177,-200.0
1178,-200.0
1179,-200.0
1180,-200.0
1181,-200.0
1182,-200.0
1183,-200.0
1184,-200.0
1185,-200.0
1186,-200.0
1187,-200.0
1188,-200.0
1189,-200.0
1190,-200.0
1191,-200.0
1192,-200.0
1193,-200.0
1194,-200.0
1195,-200.0
1196,-200.0
1197,-200.0
1198,-200.0
1199,-200.0
1200,-200.0
1201,-200.0
1202,-200.0
1203,-200.0
1204,-200.0
1205,-200.0
1206,-200.0
1207,-200.0
1208,-200.0
1209,-200.0
1210,-200.0
1211,-200.0
1212,-200.0
1213,-200.0
1214,-200.0
1215,-200.0
1216,-200.0
1217,-200.0
1218,-200.0
1219,-200.0
1220,-200.0
1221,-200.0
1222,-200.0
1223,-200.0
1224,-200.0
1225,-200.0
1226,-200.0
1227,-200.0
1228,-200.0
1229,-200.0
1230,-200.0
1231,-200.0
1232,-200.0
1233,-200.0
1234,-200.0
1235,-200.0
1236,-200.0
1237,-200.0
1238,-200.0
1239,-200.0
1240,-200.0
1241,-200.0
1242,-200.0
1243,-200.0
1244,-200.0
1245,-200.0
1246,-200.0
1247,-200.0
1248,-200.0
1249,-200.0
1250,-200.0
1251,-200.0
1252,-200.0
1253,-200.0
1254,-200.0
1255,-200.0
1256,-200.0
1257,-200.0
1258,-200.0
1259,-200.0
1260,-200.0
1261,-200.0
1262,-200.0
1263,-200.0
1264,-200.0
1265,-200.0
1266,-200.0
1267,-200.0
1268,-200.0
1269,-200.0
1270,-200.0
1271,-200.0
1272,-200.0
1273,-200.0
1274,-200.0
1275,-200.0
1276,-200.0
1277,-200.0
1278,-200.0
1279,-200.0
1280,-200.0
1281,-200.0
1282,-200.0
1283,-200.0
1284,-200.0
1285,-200.0
1286,-200.0
1287,-200.0
1288,-200.0
1289,-200.0
1290,-200.0
1291,-200.0
1292,-200.0
1293,-200.0
1294,-200.0
1295,-200.0
1296,-200.0
1297,-200.0
1298,-200.0
1299,-200.0
1300,-200.0
1301,-200.0
1302,-200.0
1303,-200.0
1304,-200.0
1305,-200.0
1306,-200.0
1307,-200.0
1308,-200.0
1309,-200.0
1310,-200.0
1311,-200.0
1312,-200.0
1313,-200.0
1314,-200.0
1315,-200.0
1316,-200.0
1317,-200.0
1318,-200.0
1319,-200.0
1320,-200.0
1321,-200.0
1322,-200.0
1323,-200.0
1324,-200.0
1325,-200.0
1326,-200.0
1327,-200.0
1328,-200.0
1329,-200.0
1330,-200.0
1331,-200.0
1332,-200.0
1333,-200.0
1334,-200.0
1335,-200.0
1336,-200.0
1337,-200.0
1338,-200.0
1339,-200.0
1340,-200.0
1341,-200.0
1342,-200.0
1343,-200.0
1344,-200.0
1345,-200.0
1346,-200.0
1347,-200.0
1348,-200.0
1349,-200.0
1350,-200.0
1351,-200.0
1352,-200.0
1353,-200.0
1354,-200.0
1355,-200.0
1356,-200.0
1357,-200.0
1358,-200.0
1359,-200.0
1360,-200.0
1361,-200.0
1362,-200.0
1363,-200.0
1364,-200.0
1365,-200.0
1366,-200.0
1367,-200.0
1368,-200.0
1369,-200.0
1370,-200.0
1371,-200.0
1372,-200.0
1373,-200.0
1374,-200.0
1375,-200.0
1376,-200.0
1377,-200.0
1378,-200.0
1379,-200.0
1380,-200.0
1381,-200.0
1382,-200.0
1383,-200.0
1384,-200.0
1385,-200.0
1386,-200.0
1387,-200.0
1388,-200.0
1389,-200.0
1390,-200.0
1391,-200.0
1392,-200.0
1393,-200.0
1394,-200.0
1395,-200.0
1396,-200.0
1397,-200.0
1398,-200.0
1399,-200.0
1400,-200.0
1401,-200.0
1402,-200.0
1403,-200.0
1404,-200.0
1405,-200.0
1406,-200.0
1407,-200.0
1408,-200.0
1409,-200.0
1410,-200.0
1411,-200.0
1412,-200.0
1413,-200.0
1414,-200.0
1415,-200.0
1416,-200.0
1417,-200.0
1418,-200.0
1419,-200.0
1420,-200.0
1421,-200.0
1422,-200.0
1423,-200.0
1424,-200.0
1425,-200.0
1426,-200.0
1427,-200.0
1428,-200.0
1429,-200.0
1430,-200.0
1431,-200.0
1432,-200.0
1433,-200.0
1434,-200.0
1435,-200.0
1436,-200.0
1437,-200.0
1438,-200.0
1439,-200.0
1440,-200.0
1441,-200.0
1442,-200.0
1443,-200.0
1444,-200.0
1445,-200.0
1446,-200.0
1447,-200.0
1448,-200.0
1449,-200.0
1450,-200.0
1451,-200.0
1452,-200.0
1453,-200.0
1454,-200.0
1455,-200.0
1456,-200.0
1457,-200.0
1458,-200.0
1459,-200.0
1460,-200.0
1461,-200.0
1462,-200.0
1463,-200.0
1464,-200.0
1465,-200.0
1466,-200.0
1467,-200.0
1468,-200.0
1469,-200.0
1470,-200.0
1471,-200.0
1472,-200.0
1473,-200.0
1474,-200.0
1475,-200.0
1476,-200.0
1477,-200.0
1478,-200.0
1479,-200.0
1480,-200.0
1481,-200.0
1482,-200.0
1483,-200.0
1484,-200.0
1485,-200.0
1486,-200.0
1487,-200.0
1488,-200.0
1489,-200.0
1490,-200.0
1491,-200.0
1492,-200.0
1493,-200.0
1494,-200.0
1495,-200.0
1496,-200.0
1497,-200.0
1498,-200.0
1499,-200.0
1500,-200.0
1501,-200.0
1502,-200.0
1503,-200.0
1504,-200.0
1505,-200.0
1506,-200.0
1507,-200.0
1508,-200.0
1509,-200.0
1510,-200.0
1511,-200.0
1512,-200.0
1513,-200.0
1514,-200.0
1515,-200.0
1516,-200.0
1517,-200.0
1518,-200.0
1519,-200.0
1520,-200.0
1521,-200.0
1522,-200.0
1523,-200.0
1524,-200.0
1525,-200.0
1526,-200.0
1527,-200.0
1528,-200.0
1529,-200.0
1530,-200.0
1531,-200.0
1532,-200.0
1533,-200.0
1534,-200.0
1535,-200.0
1536,-200.0
1537,-200.0
1538,-200.0
1539,-200.0
1540,-200.0
1541,-200.0
1542,-200.0
1543,-200.0
1544,-200.0
1545,-200.0
1546,-200.0
1547,-200.0
1548,-200.0
1549,-200.0
1550,-200.0
1551,-200.0
1552,-200.0
1553,-200.0
1554,-200.0
1555,-200.0
1556,-200.0
1557,-200.0
1558,-200.0
1559,-200.0
1560,-200.0
1561,-200.0
1562,-200.0
1563,-200.0
1564,-200.0
1565,-200.0
1566,-200.0
1567,-200.0
1568,-200.0
1569,-200.0
1570,-200.0
1571,-200.0
1572,-200.0
1573,-200.0
1574,-200.0
1575,-200.0
1576,-200.0
1577,-200.0
1578,-200.0
1579,-200.0
1580,-200.0
1581,-200.0
1582,-200.0
1583,-200.0
1584,-200.0
1585,-200.0
1586,-200.0
1587,-200.0
1588,-200.0
1589,-200.0
1590,-200.0
1591,-200.0
1592,-200.0
1593,-200.0
1594,-200.0
1595,-200.0
1596,-200.0
1597,-200.0
1598,-200.0
1599,-200.0
1600,-200.0
1601,-200.0
1602,-200.0
1603,-200.0
1604,-200.0
1605,-200.0
1606,-200.0
1607,-200.0
1608,-200.0
1609,-200.0
1610,-200.0
1611,-200.0
1612,-200.0
1613,-200.0
1614,-200.0
1615,-200.0
1616,-200.0
1617,-200.0
1618,-200.0
1619,-200.0
1620,-200.0
1621,-200.0
1622,-200.0
1623,-200.0
1624,-200.0
1625,-200.0
1626,-200.0
1627,-200.0
1628,-200.0
1629,-200.0
1630,-200.0
1631,-200.0
1632,-200.0
1633,-200.0
1634,-200.0
1635,-200.0
1636,-200.0
1637,-200.0
1638,-200.0
1639,-200.0
1640,-200.0
1641,-200.0
1642,-200.0
1643,-200.0
1644,-200.0
1645,-200.0
1646,-200.0
1647,-200.0
1648,-200.0
1649,-200.0
1650,-200.0
1651,-200.0
1652,-200.0
1653,-200.0
1654,-200.0
1655,-200.0
1656,-200.0
1657,-200.0
1658,-200.0
1659,-200.0
1660,-200.0
1661,-200.0
1662,-200.0
1663,-200.0
1664,-200.0
1665,-200.0
1666,-200.0
1667,-200.0
1668,-200.0
1669,-200.0
1670,-200.0
1671,-200.0
1672,-200.0
1673,-200.0
1674,-200.0
1675,-200.0
1676,-200.0
1677,-200.0
1678,-200.0
1679,-200.0
1680,-200.0
1681,-200.0
1682,-200.0
1683,-200.0
1684,-200.0
1685,-200.0
1686,-200.0
1687,-200.0
1688,-200.0
1689,-200.0
1690,-200.0
1691,-200.0
1692,-194.0
1693,-200.0
1694,-200.0
1695,-200.0
1696,-200.0
1697,-200.0
1698,-200.0
1699,-200.0
1700,-200.0
1701,-200.0
1702,-200.0
1703,-200.0
1704,-200.0
1705,-200.0
1706,-200.0
1707,-200.0
1708,-200.0
1709,-200.0
1710,-200.0
1711,-200.0
1712,-200.0
1713,-200.0
1714,-200.0
1715,-200.0
1716,-200.0
1717,-200.0
1718,-200.0
1719,-200.0
1720,-200.0
1721,-200.0
1722,-200.0
1723,-200.0
1724,-200.0
1725,-200.0
1726,-200.0
1727,-200.0
1728,-200.0
1729,-200.0
1730,-200.0
1731,-200.0
1732,-200.0
1733,-200.0
1734,-200.0
1735,-200.0
1736,-200.0
1737,-200.0
1738,-200.0
1739,-200.0
1740,-200.0
1741,-200.0
1742,-200.0
1743,-200.0
1744,-200.0
1745,-200.0
1746,-200.0
1747,-200.0
1748,-200.0
1749,-200.0
1750,-200.0
1751,-200.0
1752,-200.0
1753,-200.0
1754,-200.0
1755,-200.0
1756,-200.0
1757,-200.0
1758,-200.0
1759,-200.0
1760,-200.0
1761,-200.0
1762,-200.0
1763,-200.0
1764,-200.0
1765,-200.0
1766,-200.0
1767,-200.0
1768,-200.0
1769,-200.0
1770,-200.0
1771,-200.0
1772,-200.0
1773,-200.0
1774,-200.0
1775,-200.0
1776,-174.0
1777,-200.0
1778,-200.0
1779,-200.0
1780,-200.0
1781,-200.0
1782,-200.0
1783,-200.0
1784,-200.0
1785,-200.0
1786,-200.0
1787,-200.0
1788,-200.0
1789,-200.0
1790,-200.0
1791,-200.0
1792,-200.0
1793,-200.0
1794,-200.0
1795,-200.0
1796,-200.0
1797,-200.0
1798,-200.0
1799,-200.0
1800,-200.0
1801,-200.0
1802,-200.0
1803,-200.0
1804,-200.0
1805,-200.0
1806,-200.0
1807,-200.0
1808,-200.0
1809,-200.0
1810,-200.0
1811,-200.0
1812,-200.0
1813,-200.0
1814,-200.0
1815,-200.0
1816,-200.0
1817,-200.0
1818,-200.0
1819,-200.0
1820,-200.0
1821,-200.0
1822,-200.0
1823,-200.0
1824,-200.0
1825,-200.0
1826,-200.0
1827,-200.0
1828,-200.0
1829,-200.0
1830,-200.0
1831,-200.0
1832,-200.0
1833,-200.0
1834,-200.0
1835,-200.0
1836,-200.0
1837,-200.0
1838,-200.0
1839,-200.0
1840,-200.0
1841,-200.0
1842,-200.0
1843,-200.0
1844,-200.0
1845,-200.0
1846,-200.0
1847,-200.0
1848,-200.0
1849,-200.0
1850,-200.0
1851,-200.0
1852,-200.0
1853,-200.0
1854,-200.0
1855,-200.0
1856,-200.0
1857,-200.0
1858,-200.0
1859,-200.0
1860,-200.0
1861,-200.0
1862,-200.0
1863,-200.0
1864,-200.0
1865,-200.0
1866,-200.0
1867,-200.0
1868,-200.0
1869,-179.0
1870,-200.0
1871,-200.0
1872,-200.0
1873,-200.0
1874,-200.0
1875,-200.0
1876,-200.0
1877,-200.0
1878,-200.0
1879,-200.0
1880,-200.0
1881,-182.0
1882,-200.0
1883,-200.0
1884,-200.0
1885,-200.0
1886,-200.0
1887,-200.0
1888,-200.0
1889,-200.0
1890,-200.0
1891,-200.0
1892,-200.0
1893,-200.0
1894,-200.0
1895,-200.0
1896,-200.0
1897,-200.0
1898,-200.0
1899,-200.0
1900,-200.0
1901,-200.0
1902,-200.0
1903,-200.0
1904,-200.0
1905,-200.0
1906,-200.0
1907,-200.0
1908,-200.0
1909,-200.0
1910,-200.0
1911,-200.0
1912,-200.0
1913,-200.0
1914,-200.0
1915,-200.0
1916,-200.0
1917,-200.0
1918,-200.0
1919,-200.0
1920,-200.0
1921,-200.0
1922,-200.0
1923,-200.0
1924,-200.0
1925,-200.0
1926,-200.0
1927,-200.0
1928,-200.0
1929,-200.0
1930,-200.0
1931,-200.0
1932,-200.0
1933,-200.0
1934,-200.0
1935,-200.0
1936,-200.0
1937,-200.0
1938,-200.0
1939,-200.0
1940,-200.0
1941,-200.0
1942,-200.0
1943,-200.0
1944,-200.0
1945,-200.0
1946,-200.0
1947,-200.0
1948,-200.0
1949,-200.0
1950,-200.0
1951,-200.0
1952,-200.0
1953,-200.0
1954,-200.0
1955,-200.0
1956,-200.0
1957,-200.0
1958,-200.0
1959,-200.0
1960,-200.0
1961,-200.0
1962,-200.0
1963,-200.0
1964,-200.0
1965,-200.0
1966,-200.0
1967,-200.0
1968,-200.0
1969,-200.0
1970,-200.0
1971,-175.0
1972,-200.0
1973,-192.0
1974,-200.0
1975,-200.0
1976,-200.0
1977,-200.0
1978,-174.0
1979,-200.0
1980,-200.0
1981,-200.0
1982,-200.0
1983,-200.0
1984,-200.0
1985,-200.0
1986,-200.0
1987,-200.0
1988,-200.0
1989,-200.0
1990,-200.0
1991,-200.0
1992,-200.0
1993,-200.0
1994,-200.0
1995,-200.0
1996,-200.0
1997,-200.0
1998,-200.0
1999,-200.0
2000,-200.0
2001,-200.0
2002,-200.0
2003,-200.0
2004,-200.0
2005,-200.0
2006,-200.0
2007,-200.0
2008,-200.0
2009,-200.0
2010,-200.0
2011,-200.0
2012,-200.0
2013,-200.0
2014,-200.0
2015,-200.0
2016,-200.0
2017,-200.0
2018,-200.0
2019,-200.0
2020,-200.0
2021,-200.0
2022,-200.0
2023,-200.0
2024,-200.0
2025,-200.0
2026,-200.0
2027,-200.0
2028,-200.0
2029,-200.0
2030,-200.0
2031,-200.0
2032,-200.0
2033,-200.0
2034,-200.0
2035,-200.0
2036,-200.0
2037,-200.0
2038,-200.0
2039,-200.0
2040,-200.0
2041,-200.0
2042,-200.0
2043,-200.0
2044,-200.0
2045,-200.0
2046,-200.0
2047,-200.0
2048,-200.0
2049,-200.0
2050,-200.0
2051,-200.0
2052,-200.0
2053,-200.0
2054,-200.0
2055,-200.0
2056,-200.0
2057,-200.0
2058,-200.0
2059,-200.0
2060,-200.0
2061,-200.0
2062,-200.0
2063,-200.0
2064,-200.0
2065,-200.0
2066,-200.0
2067,-200.0
2068,-200.0
2069,-200.0
2070,-200.0
2071,-200.0
2072,-200.0
2073,-200.0
2074,-200.0
2075,-200.0
2076,-200.0
2077,-200.0
2078,-200.0
2079,-200.0
2080,-200.0
2081,-200.0
2082,-200.0
2083,-200.0
2084,-200.0
2085,-200.0
2086,-200.0
2087,-200.0
2088,-200.0
2089,-200.0
2090,-200.0
2091,-200.0
2092,-200.0
2093,-200.0
2094,-200.0
2095,-200.0
2096,-200.0
2097,-200.0
2098,-200.0
2099,-200.0
2100,-200.0
2101,-200.0
2102,-200.0
2103,-200.0
2104,-200.0
2105,-200.0
2106,-200.0
2107,-200.0
2108,-200.0
2109,-200.0
2110,-200.0
2111,-200.0
2112,-200.0
2113,-200.0
2114,-200.0
2115,-200.0
2116,-200.0
2117,-200.0
2118,-200.0
2119,-200.0
2120,-200.0
2121,-200.0
2122,-200.0
2123,-200.0
2124,-200.0
2125,-200.0
2126,-163.0
2127,-200.0
2128,-200.0
2129,-200.0
2130,-200.0
2131,-200.0
2132,-200.0
2133,-200.0
2134,-200.0
2135,-200.0
2136,-200.0
2137,-200.0
2138,-200.0
2139,-200.0
2140,-200.0
2141,-200.0
2142,-200.0
2143,-200.0
2144,-200.0
2145,-200.0
2146,-200.0
2147,-200.0
2148,-200.0
2149,-200.0
2150,-200.0
2151,-200.0
2152,-200.0
2153,-200.0
2154,-200.0
2155,-200.0
2156,-200.0
2157,-200.0
2158,-200.0
2159,-200.0
2160,-200.0
2161,-200.0
2162,-200.0
2163,-200.0
2164,-200.0
2165,-200.0
2166,-200.0
2167,-200.0
2168,-200.0
2169,-200.0
2170,-200.0
2171,-200.0
2172,-200.0
2173,-200.0
2174,-200.0
2175,-200.0
2176,-200.0
2177,-200.0
2178,-200.0
2179,-200.0
2180,-200.0
2181,-200.0
2182,-200.0
2183,-200.0
2184,-200.0
2185,-200.0
2186,-200.0
2187,-200.0
2188,-200.0
2189,-200.0
2190,-200.0
2191,-200.0
2192,-200.0
2193,-200.0
2194,-200.0
2195,-200.0
2196,-200.0
2197,-200.0
2198,-200.0
2199,-200.0
2200,-200.0
2201,-200.0
2202,-200.0
2203,-200.0
2204,-200.0
2205,-200.0
2206,-200.0
2207,-200.0
2208,-200.0
2209,-200.0
2210,-200.0
2211,-200.0
2212,-200.0
2213,-200.0
2214,-199.0
2215,-200.0
2216,-200.0
2217,-200.0
2218,-200.0
2219,-200.0
2220,-200.0
2221,-200.0
2222,-200.0
2223,-200.0
2224,-173.0
2225,-200.0
2226,-200.0
2227,-200.0
2228,-200.0
2229,-200.0
2230,-200.0
2231,-200.0
2232,-200.0
2233,-200.0
2234,-200.0
2235,-200.0
2236,-200.0
2237,-200.0
2238,-200.0
2239,-200.0
2240,-200.0
2241,-200.0
2242,-200.0
2243,-200.0
2244,-200.0
2245,-200.0
2246,-200.0
2247,-200.0
2248,-200.0
2249,-200.0
2250,-200.0
2251,-200.0
2252,-200.0
2253,-200.0
2254,-200.0
2255,-200.0
2256,-200.0
2257,-200.0
2258,-200.0
2259,-200.0
2260,-200.0
2261,-200.0
2262,-200.0
2263,-200.0
2264,-200.0
2265,-200.0
2266,-200.0
2267,-200.0
2268,-200.0
2269,-200.0
2270,-200.0
2271,-200.0
2272,-200.0
2273,-200.0
2274,-200.0
2275,-170.0
2276,-200.0
2277,-200.0
2278,-200.0
2279,-200.0
2280,-200.0
2281,-200.0
2282,-200.0
2283,-200.0
2284,-200.0
2285,-200.0
2286,-200.0
2287,-200.0
2288,-200.0
2289,-200.0
2290,-200.0
2291,-200.0
2292,-200.0
2293,-200.0
2294,-200.0
2295,-200.0
2296,-200.0
2297,-200.0
2298,-160.0
2299,-196.0
2300,-200.0
2301,-200.0
2302,-200.0
2303,-200.0
2304,-200.0
2305,-200.0
2306,-200.0
2307,-200.0
2308,-200.0
2309,-200.0
2310,-200.0
2311,-200.0
2312,-187.0
2313,-173.0
2314,-200.0
2315,-160.0
2316,-200.0
2317,-161.0
2318,-200.0
2319,-200.0
2320,-200.0
2321,-180.0
2322,-200.0
2323,-200.0
2324,-178.0
2325,-161.0
2326,-200.0
2327,-164.0
2328,-200.0
2329,-171.0
2330,-200.0
2331,-200.0
2332,-200.0
2333,-200.0
2334,-200.0
2335,-197.0
2336,-160.0
2337,-200.0
2338,-200.0
2339,-160.0
2340,-200.0
2341,-200.0
2342,-200.0
2343,-191.0
2344,-174.0
2345,-200.0
2346,-161.0
2347,-200.0
2348,-165.0
2349,-161.0
2350,-154.0
2351,-156.0
2352,-200.0
2353,-158.0
2354,-200.0
2355,-164.0
2356,-200.0
2357,-200.0
2358,-200.0
2359,-200.0
2360,-200.0
2361,-178.0
2362,-200.0
2363,-200.0
2364,-200.0
2365,-200.0
2366,-200.0
2367,-200.0
2368,-186.0
2369,-161.0
2370,-200.0
2371,-200.0
2372,-200.0
2373,-200.0
2374,-200.0
2375,-200.0
2376,-200.0
2377,-200.0
2378,-200.0
2379,-200.0
2380,-200.0
2381,-200.0
2382,-200.0
2383,-200.0
2384,-200.0
2385,-200.0
2386,-200.0
2387,-200.0
2388,-200.0
2389,-200.0
2390,-200.0
2391,-200.0
2392,-200.0
2393,-200.0
2394,-200.0
2395,-200.0
2396,-200.0
2397,-200.0
2398,-200.0
2399,-200.0
2400,-200.0
2401,-200.0
2402,-200.0
2403,-200.0
2404,-200.0
2405,-200.0
2406,-200.0
2407,-200.0
2408,-200.0
2409,-200.0
2410,-200.0
2411,-200.0
2412,-200.0
2413,-200.0
2414,-200.0
2415,-200.0
2416,-200.0
2417,-200.0
2418,-200.0
2419,-200.0
2420,-200.0
2421,-200.0
2422,-200.0
2423,-200.0
2424,-200.0
2425,-200.0
2426,-200.0
2427,-200.0
2428,-200.0
2429,-200.0
2430,-200.0
2431,-200.0
2432,-200.0
2433,-198.0
2434,-200.0
2435,-200.0
2436,-194.0
2437,-200.0
2438,-200.0
2439,-200.0
2440,-200.0
2441,-200.0
2442,-200.0
2443,-200.0
2444,-200.0
2445,-188.0
2446,-200.0
2447,-200.0
2448,-200.0
2449,-200.0
2450,-200.0
2451,-200.0
2452,-200.0
2453,-200.0
2454,-200.0
2455,-200.0
2456,-200.0
2457,-200.0
2458,-186.0
2459,-200.0
2460,-200.0
2461,-200.0
2462,-200.0
2463,-200.0
2464,-200.0
2465,-200.0
2466,-200.0
2467,-157.0
2468,-200.0
2469,-172.0
2470,-200.0
2471,-189.0
2472,-200.0
2473,-200.0
2474,-200.0
2475,-200.0
2476,-200.0
2477,-200.0
2478,-188.0
2479,-190.0
2480,-200.0
2481,-200.0
2482,-200.0
2483,-173.0
2484,-168.0
2485,-200.0
2486,-200.0
2487,-156.0
2488,-200.0
2489,-200.0
2490,-191.0
2491,-165.0
2492,-200.0
2493,-200.0
2494,-161.0
2495,-200.0
2496,-200.0
2497,-163.0
2498,-200.0
2499,-200.0
2500,-200.0
2501,-200.0
2502,-200.0
2503,-164.0
2504,-200.0
2505,-200.0
2506,-186.0
2507,-161.0
2508,-200.0
2509,-180.0
2510,-177.0
2511,-200.0
2512,-200.0
2513,-159.0
2514,-200.0
2515,-200.0
2516,-200.0
2517,-199.0
2518,-200.0
2519,-200.0
2520,-200.0
2521,-150.0
2522,-200.0
2523,-200.0
2524,-200.0
2525,-200.0
2526,-192.0
2527,-161.0
2528,-200.0
2529,-200.0
2530,-200.0
2531,-200.0
2532,-199.0
2533,-200.0
2534,-200.0
2535,-200.0
2536,-200.0
2537,-165.0
2538,-200.0
2539,-200.0
2540,-200.0
2541,-197.0
2542,-200.0
2543,-200.0
2544,-200.0
2545,-200.0
2546,-200.0
2547,-200.0
2548,-200.0
2549,-200.0
2550,-200.0
2551,-200.0
2552,-200.0
2553,-200.0
2554,-200.0
2555,-200.0
2556,-200.0
2557,-200.0
2558,-200.0
2559,-200.0
2560,-200.0
2561,-200.0
2562,-200.0
2563,-200.0
2564,-200.0
2565,-167.0
2566,-200.0
2567,-200.0
2568,-200.0
2569,-200.0
2570,-200.0
2571,-200.0
2572,-200.0
2573,-200.0
2574,-200.0
2575,-200.0
2576,-200.0
2577,-200.0
2578,-200.0
2579,-200.0
2580,-200.0
2581,-200.0
2582,-200.0
2583,-200.0
2584,-200.0
2585,-200.0
2586,-200.0
2587,-200.0
2588,-200.0
2589,-200.0
2590,-195.0
2591,-200.0
2592,-159.0
2593,-200.0
2594,-189.0
2595,-199.0
2596,-168.0
2597,-200.0
2598,-161.0
2599,-167.0
2600,-179.0
2601,-181.0
2602,-163.0
2603,-200.0
2604,-200.0
2605,-200.0
2606,-200.0
2607,-167.0
2608,-199.0
2609,-173.0
2610,-200.0
2611,-168.0
2612,-200.0
2613,-200.0
2614,-200.0
2615,-165.0
2616,-200.0
2617,-198.0
2618,-200.0
2619,-200.0
2620,-200.0
2621,-200.0
2622,-169.0
2623,-200.0
2624,-200.0
2625,-175.0
2626,-200.0
2627,-200.0
2628,-200.0
2629,-171.0
2630,-200.0
2631,-200.0
2632,-173.0
2633,-200.0
2634,-195.0
2635,-200.0
2636,-200.0
2637,-200.0
2638,-200.0
2639,-200.0
2640,-200.0
2641,-200.0
2642,-200.0
2643,-200.0
2644,-200.0
2645,-200.0
2646,-200.0
2647,-166.0
2648,-200.0
2649,-200.0
2650,-200.0
2651,-200.0
2652,-200.0
2653,-200.0
2654,-200.0
2655,-200.0
2656,-200.0
2657,-172.0
2658,-200.0
2659,-200.0
2660,-200.0
2661,-200.0
2662,-200.0
2663,-200.0
2664,-200.0
2665,-200.0
2666,-200.0
2667,-200.0
2668,-200.0
2669,-200.0
2670,-200.0
2671,-200.0
2672,-200.0
2673,-200.0
2674,-200.0
2675,-200.0
2676,-200.0
2677,-200.0
2678,-200.0
2679,-200.0
2680,-200.0
2681,-200.0
2682,-195.0
2683,-200.0
2684,-200.0
2685,-200.0
2686,-188.0
2687,-200.0
2688,-200.0
2689,-200.0
2690,-200.0
2691,-200.0
2692,-171.0
2693,-200.0
2694,-200.0
2695,-169.0
2696,-193.0
2697,-200.0
2698,-200.0
2699,-200.0
2700,-200.0
2701,-200.0
2702,-200.0
2703,-200.0
2704,-200.0
2705,-200.0
2706,-200.0
2707,-200.0
2708,-200.0
2709,-200.0
2710,-200.0
2711,-200.0
2712,-200.0
2713,-200.0
2714,-200.0
2715,-200.0
2716,-200.0
2717,-200.0
2718,-200.0
2719,-200.0
2720,-173.0
2721,-200.0
2722,-157.0
2723,-200.0
2724,-200.0
2725,-200.0
2726,-200.0
2727,-200.0
2728,-200.0
2729,-200.0
2730,-200.0
2731,-200.0
2732,-163.0
2733,-200.0
2734,-200.0
2735,-200.0
2736,-200.0
2737,-200.0
2738,-160.0
2739,-200.0
2740,-200.0
2741,-159.0
2742,-200.0
2743,-200.0
2744,-200.0
2745,-200.0
2746,-200.0
2747,-200.0
2748,-200.0
2749,-200.0
2750,-200.0
2751,-200.0
2752,-200.0
2753,-200.0
2754,-200.0
2755,-200.0
2756,-200.0
2757,-200.0
2758,-200.0
2759,-200.0
2760,-200.0
2761,-200.0
2762,-200.0
2763,-200.0
2764,-200.0
2765,-200.0
2766,-200.0
2767,-200.0
2768,-200.0
2769,-200.0
2770,-200.0
2771,-200.0
2772,-200.0
2773,-200.0
2774,-200.0
2775,-200.0
2776,-200.0
2777,-200.0
2778,-200.0
2779,-200.0
2780,-200.0
2781,-200.0
2782,-200.0
2783,-200.0
2784,-200.0
2785,-200.0
2786,-200.0
2787,-200.0
2788,-200.0
2789,-157.0
2790,-200.0
2791,-200.0
2792,-200.0
2793,-200.0
2794,-200.0
2795,-200.0
2796,-200.0
2797,-179.0
2798,-198.0
2799,-196.0
2800,-199.0
2801,-196.0
2802,-200.0
2803,-200.0
2804,-198.0
2805,-200.0
2806,-161.0
2807,-200.0
2808,-200.0
2809,-200.0
2810,-200.0
2811,-200.0
2812,-192.0
2813,-200.0
2814,-192.0
2815,-167.0
2816,-161.0
2817,-187.0
2818,-155.0
2819,-190.0
2820,-168.0
2821,-194.0
2822,-190.0
2823,-156.0
2824,-200.0
2825,-194.0
2826,-200.0
2827,-193.0
2828,-186.0
2829,-200.0
2830,-191.0
2831,-195.0
2832,-200.0
2833,-200.0
2834,-179.0
2835,-200.0
2836,-200.0
2837,-185.0
2838,-200.0
2839,-200.0
2840,-200.0
2841,-200.0
2842,-200.0
2843,-200.0
2844,-200.0
2845,-195.0
2846,-159.0
2847,-200.0
2848,-200.0
2849,-196.0
2850,-191.0
2851,-200.0
2852,-200.0
2853,-200.0
2854,-194.0
2855,-200.0
2856,-200.0
2857,-197.0
2858,-200.0
2859,-189.0
2860,-154.0
2861,-200.0
2862,-159.0
2863,-200.0
2864,-199.0
2865,-200.0
2866,-200.0
2867,-200.0
2868,-200.0
2869,-200.0
2870,-200.0
2871,-200.0
2872,-173.0
2873,-163.0
2874,-158.0
2875,-200.0
2876,-158.0
2877,-164.0
2878,-189.0
2879,-158.0
2880,-195.0
2881,-163.0
2882,-187.0
2883,-155.0
2884,-188.0
2885,-200.0
2886,-195.0
2887,-200.0
2888,-200.0
2889,-200.0
2890,-159.0
2891,-200.0
2892,-153.0
2893,-200.0
2894,-200.0
2895,-200.0
2896,-160.0
2897,-200.0
2898,-200.0
2899,-157.0
2900,-151.0
2901,-161.0
2902,-200.0
2903,-155.0
2904,-200.0
2905,-200.0
2906,-200.0
2907,-200.0
2908,-200.0
2909,-200.0
2910,-147.0
2911,-200.0
2912,-200.0
2913,-158.0
2914,-200.0
2915,-200.0
2916,-200.0
2917,-200.0
2918,-200.0
2919,-200.0
2920,-200.0
2921,-200.0
2922,-200.0
2923,-200.0
2924,-200.0
2925,-200.0
2926,-200.0
2927,-200.0
2928,-200.0
2929,-200.0
2930,-200.0
2931,-200.0
2932,-200.0
2933,-200.0
2934,-200.0
2935,-200.0
2936,-200.0
2937,-200.0
2938,-200.0
2939,-159.0
2940,-184.0
2941,-200.0
2942,-200.0
2943,-199.0
2944,-200.0
2945,-200.0
2946,-200.0
2947,-200.0
2948,-200.0
2949,-200.0
2950,-200.0
2951,-200.0
2952,-200.0
2953,-200.0
2954,-200.0
2955,-157.0
2956,-200.0
2957,-200.0
2958,-200.0
2959,-200.0
2960,-200.0
2961,-200.0
2962,-189.0
2963,-200.0
2964,-200.0
2965,-200.0
2966,-200.0
2967,-200.0
2968,-200.0
2969,-200.0
2970,-200.0
2971,-200.0
2972,-200.0
2973,-200.0
2974,-200.0
2975,-200.0
2976,-200.0
2977,-200.0
2978,-200.0
2979,-200.0
2980,-199.0
2981,-197.0
2982,-200.0
2983,-200.0
2984,-200.0
2985,-200.0
2986,-200.0
2987,-200.0
2988,-191.0
2989,-200.0
2990,-200.0
2991,-200.0
2992,-200.0
2993,-200.0
2994,-200.0
2995,-190.0
2996,-197.0
2997,-200.0
2998,-200.0
2999,-198.0
3000,-200.0
3001,-200.0
3002,-196.0
3003,-200.0
3004,-200.0
3005,-200.0
3006,-200.0
3007,-184.0
3008,-200.0
3009,-200.0
3010,-196.0
3011,-200.0
3012,-200.0
3013,-200.0
3014,-200.0
3015,-200.0
3016,-193.0
3017,-200.0
3018,-200.0
3019,-200.0
3020,-200.0
3021,-200.0
3022,-176.0
3023,-160.0
3024,-200.0
3025,-200.0
3026,-200.0
3027,-200.0
3028,-164.0
3029,-178.0
3030,-152.0
3031,-200.0
3032,-196.0
3033,-185.0
3034,-200.0
3035,-169.0
3036,-168.0
3037,-160.0
3038,-200.0
3039,-190.0
3040,-175.0
3041,-200.0
3042,-200.0
3043,-190.0
3044,-186.0
3045,-181.0
3046,-155.0
3047,-165.0
3048,-185.0
3049,-165.0
3050,-200.0
3051,-200.0
3052,-186.0
3053,-167.0
3054,-180.0
3055,-200.0
3056,-187.0
3057,-185.0
3058,-175.0
3059,-180.0
3060,-200.0
3061,-193.0
3062,-162.0
3063,-194.0
3064,-168.0
3065,-163.0
3066,-186.0
3067,-200.0
3068,-179.0
3069,-175.0
3070,-168.0
3071,-172.0
3072,-160.0
3073,-183.0
3074,-200.0
3075,-167.0
3076,-188.0
3077,-195.0
3078,-183.0
3079,-168.0
3080,-188.0
3081,-193.0
3082,-200.0
3083,-200.0
3084,-200.0
3085,-200.0
3086,-177.0
3087,-200.0
3088,-200.0
3089,-200.0
3090,-172.0
3091,-200.0
3092,-165.0
3093,-168.0
3094,-200.0
3095,-173.0
3096,-200.0
3097,-163.0
3098,-151.0
3099,-200.0
3100,-200.0
3101,-173.0
3102,-200.0
3103,-200.0
3104,-200.0
3105,-200.0
3106,-200.0
3107,-200.0
3108,-200.0
3109,-200.0
3110,-200.0
3111,-200.0
3112,-200.0
3113,-189.0
3114,-200.0
3115,-200.0
3116,-200.0
3117,-200.0
3118,-200.0
3119,-200.0
3120,-200.0
3121,-200.0
3122,-161.0
3123,-200.0
3124,-200.0
3125,-200.0
3126,-200.0
3127,-200.0
3128,-200.0
3129,-200.0
3130,-200.0
3131,-200.0
3132,-200.0
3133,-200.0
3134,-200.0
3135,-200.0
3136,-200.0
3137,-200.0
3138,-200.0
3139,-200.0
3140,-200.0
3141,-200.0
3142,-200.0
3143,-200.0
3144,-200.0
3145,-200.0
3146,-200.0
3147,-200.0
3148,-200.0
3149,-193.0
3150,-200.0
3151,-200.0
3152,-200.0
3153,-200.0
3154,-200.0
3155,-200.0
3156,-163.0
3157,-185.0
3158,-200.0
3159,-200.0
3160,-200.0
3161,-200.0
3162,-200.0
3163,-171.0
3164,-200.0
3165,-200.0
3166,-200.0
3167,-200.0
3168,-200.0
3169,-200.0
3170,-200.0
3171,-200.0
3172,-200.0
3173,-200.0
3174,-200.0
3175,-200.0
3176,-200.0
3177,-200.0
3178,-200.0
3179,-200.0
3180,-200.0
3181,-200.0
3182,-200.0
3183,-200.0
3184,-200.0
3185,-200.0
3186,-200.0
3187,-200.0
3188,-200.0
3189,-200.0
3190,-200.0
3191,-174.0
3192,-200.0
3193,-200.0
3194,-200.0
3195,-200.0
3196,-200.0
3197,-200.0
3198,-200.0
3199,-200.0
3200,-200.0
3201,-200.0
3202,-200.0
3203,-200.0
3204,-200.0
3205,-200.0
3206,-200.0
3207,-200.0
3208,-200.0
3209,-200.0
3210,-200.0
3211,-200.0
3212,-200.0
3213,-200.0
3214,-200.0
3215,-200.0
3216,-200.0
3217,-200.0
3218,-200.0
3219,-200.0
3220,-200.0
3221,-200.0
3222,-200.0
3223,-200.0
3224,-200.0
3225,-200.0
3226,-200.0
3227,-200.0
3228,-200.0
3229,-200.0
3230,-200.0
3231,-200.0
3232,-200.0
3233,-200.0
3234,-200.0
3235,-200.0
3236,-200.0
3237,-200.0
3238,-200.0
3239,-200.0
3240,-200.0
3241,-200.0
3242,-200.0
3243,-200.0
3244,-200.0
3245,-200.0
3246,-200.0
3247,-200.0
3248,-200.0
3249,-200.0
3250,-200.0
3251,-200.0
3252,-200.0
3253,-200.0
3254,-200.0
3255,-200.0
3256,-200.0
3257,-200.0
3258,-166.0
3259,-200.0
3260,-200.0
3261,-200.0
3262,-200.0
3263,-200.0
3264,-200.0
3265,-200.0
3266,-200.0
3267,-200.0
3268,-200.0
3269,-161.0
3270,-200.0
3271,-200.0
3272,-200.0
3273,-200.0
3274,-200.0
3275,-200.0
3276,-200.0
3277,-200.0
3278,-200.0
3279,-200.0
3280,-200.0
3281,-200.0
3282,-200.0
3283,-200.0
3284,-200.0
3285,-200.0
3286,-200.0
3287,-200.0
3288,-200.0
3289,-200.0
3290,-200.0
3291,-200.0
3292,-200.0
3293,-200.0
3294,-200.0
3295,-200.0
3296,-200.0
3297,-200.0
3298,-200.0
3299,-200.0
3300,-200.0
3301,-200.0
3302,-200.0
3303,-200.0
3304,-200.0
3305,-200.0
3306,-168.0
3307,-200.0
3308,-200.0
3309,-200.0
3310,-200.0
3311,-161.0
3312,-200.0
3313,-200.0
3314,-162.0
3315,-200.0
3316,-200.0
3317,-164.0
3318,-200.0
3319,-168.0
3320,-177.0
3321,-200.0
3322,-200.0
3323,-154.0
3324,-200.0
3325,-200.0
3326,-200.0
3327,-165.0
3328,-158.0
3329,-200.0
3330,-200.0
3331,-163.0
3332,-200.0
3333,-169.0
3334,-166.0
3335,-167.0
3336,-200.0
3337,-200.0
3338,-200.0
3339,-200.0
3340,-200.0
3341,-200.0
3342,-166.0
3343,-200.0
3344,-200.0
3345,-200.0
3346,-200.0
3347,-188.0
3348,-200.0
3349,-200.0
3350,-160.0
3351,-168.0
3352,-192.0
3353,-200.0
3354,-200.0
3355,-167.0
3356,-200.0
3357,-165.0
3358,-200.0
3359,-200.0
3360,-200.0
3361,-168.0
3362,-161.0
3363,-163.0
3364,-200.0
3365,-171.0
3366,-168.0
3367,-165.0
3368,-160.0
3369,-200.0
3370,-200.0
3371,-200.0
3372,-174.0
3373,-200.0
3374,-200.0
3375,-200.0
3376,-200.0
3377,-200.0
3378,-200.0
3379,-200.0
3380,-172.0
3381,-200.0
3382,-200.0
3383,-200.0
3384,-184.0
3385,-200.0
3386,-165.0
3387,-172.0
3388,-192.0
3389,-176.0
3390,-192.0
3391,-200.0
3392,-200.0
3393,-200.0
3394,-200.0
3395,-161.0
3396,-200.0
3397,-187.0
3398,-169.0
3399,-196.0
3400,-161.0
3401,-174.0
3402,-164.0
3403,-168.0
3404,-200.0
3405,-162.0
3406,-200.0
3407,-161.0
3408,-200.0
3409,-165.0
3410,-200.0
3411,-170.0
3412,-200.0
3413,-157.0
3414,-200.0
3415,-200.0
3416,-191.0
3417,-160.0
3418,-200.0
3419,-174.0
3420,-200.0
3421,-200.0
3422,-200.0
3423,-200.0
3424,-187.0
3425,-200.0
3426,-200.0
3427,-200.0
3428,-200.0
3429,-200.0
3430,-200.0
3431,-200.0
3432,-197.0
3433,-200.0
3434,-192.0
3435,-190.0
3436,-200.0
3437,-188.0
3438,-200.0
3439,-200.0
3440,-200.0
3441,-166.0
3442,-200.0
3443,-200.0
3444,-200.0
3445,-200.0
3446,-168.0
3447,-200.0
3448,-168.0
3449,-200.0
3450,-151.0
3451,-159.0
3452,-160.0
3453,-157.0
3454,-200.0
3455,-174.0
3456,-159.0
3457,-200.0
3458,-200.0
3459,-162.0
3460,-200.0
3461,-200.0
3462,-200.0
3463,-200.0
3464,-167.0
3465,-200.0
3466,-172.0
3467,-200.0
3468,-200.0
3469,-200.0
3470,-200.0
3471,-155.0
3472,-200.0
3473,-156.0
3474,-184.0
3475,-200.0
3476,-162.0
3477,-200.0
3478,-200.0
3479,-163.0
3480,-200.0
3481,-175.0
3482,-163.0
3483,-200.0
3484,-200.0
3485,-200.0
3486,-200.0
3487,-200.0
3488,-200.0
3489,-200.0
3490,-200.0
3491,-200.0
3492,-200.0
3493,-195.0
3494,-200.0
3495,-200.0
3496,-200.0
3497,-200.0
3498,-200.0
3499,-200.0
3500,-200.0
3501,-200.0
3502,-200.0
3503,-200.0
3504,-200.0
3505,-200.0
3506,-200.0
3507,-200.0
3508,-200.0
3509,-200.0
3510,-200.0
3511,-200.0
3512,-200.0
3513,-200.0
3514,-200.0
3515,-200.0
3516,-200.0
3517,-200.0
3518,-200.0
3519,-200.0
3520,-200.0
3521,-200.0
3522,-200.0
3523,-200.0
3524,-200.0
3525,-200.0
3526,-200.0
3527,-200.0
3528,-200.0
3529,-200.0
3530,-200.0
3531,-200.0
3532,-200.0
3533,-200.0
3534,-200.0
3535,-200.0
3536,-200.0
3537,-200.0
3538,-185.0
3539,-200.0
3540,-200.0
3541,-200.0
3542,-200.0
3543,-200.0
3544,-200.0
3545,-200.0
3546,-200.0
3547,-200.0
3548,-200.0
3549,-200.0
3550,-200.0
3551,-200.0
3552,-200.0
3553,-170.0
3554,-200.0
3555,-200.0
3556,-200.0
3557,-200.0
3558,-200.0
3559,-200.0
3560,-200.0
3561,-200.0
3562,-200.0
3563,-200.0
3564,-200.0
3565,-200.0
3566,-200.0
3567,-200.0
3568,-200.0
3569,-200.0
3570,-200.0
3571,-200.0
3572,-200.0
3573,-200.0
3574,-200.0
3575,-200.0
3576,-200.0
3577,-200.0
3578,-200.0
3579,-200.0
3580,-194.0
3581,-200.0
3582,-200.0
3583,-200.0
3584,-200.0
3585,-200.0
3586,-200.0
3587,-197.0
3588,-200.0
3589,-200.0
3590,-200.0
3591,-200.0
3592,-200.0
3593,-200.0
3594,-200.0
3595,-200.0
3596,-200.0
3597,-200.0
3598,-200.0
3599,-200.0
3600,-176.0
3601,-200.0
3602,-191.0
3603,-200.0
3604,-200.0
3605,-200.0
3606,-200.0
3607,-200.0
3608,-200.0
3609,-170.0
3610,-200.0
3611,-191.0
3612,-170.0
3613,-200.0
3614,-200.0
3615,-200.0
3616,-200.0
3617,-166.0
3618,-162.0
3619,-162.0
3620,-200.0
3621,-163.0
3622,-162.0
3623,-154.0
3624,-200.0
3625,-200.0
3626,-200.0
3627,-199.0
3628,-156.0
3629,-198.0
3630,-200.0
3631,-200.0
3632,-200.0
3633,-198.0
3634,-200.0
3635,-200.0
3636,-200.0
3637,-155.0
3638,-200.0
3639,-173.0
3640,-164.0
3641,-155.0
3642,-189.0
3643,-173.0
3644,-200.0
3645,-200.0
3646,-200.0
3647,-196.0
3648,-200.0
3649,-200.0
3650,-186.0
3651,-200.0
3652,-200.0
3653,-200.0
3654,-191.0
3655,-200.0
3656,-158.0
3657,-187.0
3658,-200.0
3659,-190.0
3660,-200.0
3661,-169.0
3662,-197.0
3663,-200.0
3664,-200.0
3665,-167.0
3666,-200.0
3667,-200.0
3668,-200.0
3669,-200.0
3670,-194.0
3671,-200.0
3672,-200.0
3673,-200.0
3674,-200.0
3675,-200.0
3676,-200.0
3677,-200.0
3678,-162.0
3679,-200.0
3680,-200.0
3681,-200.0
3682,-200.0
3683,-200.0
3684,-200.0
3685,-156.0
3686,-185.0
3687,-200.0
3688,-200.0
3689,-200.0
3690,-166.0
3691,-157.0
3692,-179.0
3693,-160.0
3694,-200.0
3695,-200.0
3696,-155.0
3697,-200.0
3698,-200.0
3699,-200.0
3700,-200.0
3701,-200.0
3702,-200.0
3703,-200.0
3704,-152.0
3705,-200.0
3706,-200.0
3707,-200.0
3708,-200.0
3709,-159.0
3710,-166.0
3711,-200.0
3712,-165.0
3713,-157.0
3714,-200.0
3715,-183.0
3716,-200.0
3717,-161.0
3718,-158.0
3719,-200.0
3720,-164.0
3721,-181.0
3722,-156.0
3723,-172.0
3724,-200.0
3725,-200.0
3726,-200.0
3727,-200.0
3728,-200.0
3729,-190.0
3730,-200.0
3731,-200.0
3732,-200.0
3733,-200.0
3734,-200.0
3735,-200.0
3736,-200.0
3737,-200.0
3738,-200.0
3739,-200.0
3740,-200.0
3741,-200.0
3742,-200.0
3743,-200.0
3744,-200.0
3745,-200.0
3746,-200.0
3747,-200.0
3748,-200.0
3749,-200.0
3750,-200.0
3751,-200.0
3752,-200.0
3753,-200.0
3754,-200.0
3755,-200.0
3756,-200.0
3757,-200.0
3758,-200.0
3759,-200.0
3760,-157.0
3761,-200.0
3762,-200.0
3763,-200.0
3764,-200.0
3765,-200.0
3766,-200.0
3767,-162.0
3768,-200.0
3769,-200.0
3770,-200.0
3771,-154.0
3772,-159.0
3773,-200.0
3774,-181.0
3775,-200.0
3776,-154.0
3777,-155.0
3778,-200.0
3779,-192.0
3780,-171.0
3781,-179.0
3782,-163.0
3783,-168.0
3784,-188.0
3785,-158.0
3786,-179.0
3787,-156.0
3788,-162.0
3789,-156.0
3790,-175.0
3791,-180.0
3792,-185.0
3793,-172.0
3794,-151.0
3795,-187.0
3796,-160.0
3797,-200.0
3798,-170.0
3799,-192.0
3800,-165.0
3801,-158.0
3802,-160.0
3803,-173.0
3804,-190.0
3805,-196.0
3806,-193.0
3807,-162.0
3808,-200.0
3809,-192.0
3810,-163.0
3811,-155.0
3812,-200.0
3813,-172.0
3814,-200.0
3815,-200.0
3816,-188.0
3817,-167.0
3818,-174.0
3819,-171.0
3820,-168.0
3821,-166.0
3822,-162.0
3823,-160.0
3824,-158.0
3825,-171.0
3826,-190.0
3827,-200.0
3828,-163.0
3829,-115.0
3830,-185.0
3831,-167.0
3832,-192.0
3833,-166.0
3834,-158.0
3835,-189.0
3836,-156.0
3837,-177.0
3838,-181.0
3839,-191.0
3840,-192.0
3841,-154.0
3842,-195.0
3843,-200.0
3844,-170.0
3845,-200.0
3846,-180.0
3847,-164.0
3848,-179.0
3849,-190.0
3850,-176.0
3851,-155.0
3852,-200.0
3853,-158.0
3854,-160.0
3855,-200.0
3856,-200.0
3857,-164.0
3858,-165.0
3859,-162.0
3860,-177.0
3861,-154.0
3862,-161.0
3863,-194.0
3864,-153.0
3865,-164.0
3866,-200.0
3867,-200.0
3868,-162.0
3869,-165.0
3870,-193.0
3871,-170.0
3872,-164.0
3873,-200.0
3874,-155.0
3875,-200.0
3876,-200.0
3877,-156.0
3878,-183.0
3879,-200.0
3880,-153.0
3881,-161.0
3882,-156.0
3883,-165.0
3884,-165.0
3885,-159.0
3886,-164.0
3887,-200.0
3888,-200.0
3889,-163.0
3890,-200.0
3891,-194.0
3892,-200.0
3893,-200.0
3894,-180.0
3895,-200.0
3896,-200.0
3897,-166.0
3898,-200.0
3899,-159.0
3900,-195.0
3901,-200.0
3902,-200.0
3903,-183.0
3904,-163.0
3905,-189.0
3906,-162.0
3907,-190.0
3908,-200.0
3909,-163.0
3910,-195.0
3911,-156.0
3912,-166.0
3913,-187.0
3914,-176.0
3915,-164.0
3916,-183.0
3917,-189.0
3918,-153.0
3919,-200.0
3920,-167.0
3921,-189.0
3922,-200.0
3923,-187.0
3924,-180.0
3925,-200.0
3926,-194.0
3927,-200.0
3928,-200.0
3929,-152.0
3930,-200.0
3931,-191.0
3932,-163.0
3933,-167.0
3934,-185.0
3935,-196.0
3936,-166.0
3937,-170.0
3938,-165.0
3939,-190.0
3940,-185.0
3941,-191.0
3942,-200.0
3943,-191.0
3944,-200.0
3945,-200.0
3946,-198.0
3947,-181.0
3948,-181.0
3949,-168.0
3950,-156.0
3951,-156.0
3952,-158.0
3953,-176.0
3954,-170.0
3955,-200.0
3956,-185.0
3957,-167.0
3958,-162.0
3959,-161.0
3960,-162.0
3961,-156.0
3962,-153.0
3963,-146.0
3964,-155.0
3965,-190.0
3966,-200.0
3967,-150.0
3968,-200.0
3969,-156.0
3970,-151.0
3971,-159.0
3972,-163.0
3973,-153.0
3974,-166.0
3975,-152.0
3976,-159.0
3977,-200.0
3978,-154.0
3979,-159.0
3980,-188.0
3981,-200.0
3982,-184.0
3983,-200.0
3984,-151.0
3985,-200.0
3986,-153.0
3987,-200.0
3988,-154.0
3989,-200.0
3990,-160.0
3991,-150.0
3992,-160.0
3993,-155.0
3994,-159.0
3995,-161.0
3996,-155.0
3997,-156.0
3998,-200.0
3999,-152.0
4000,-190.0
4001,-154.0
4002,-158.0
4003,-146.0
4004,-154.0
4005,-165.0
4006,-168.0
4007,-165.0
4008,-149.0
4009,-146.0
4010,-160.0
4011,-158.0
4012,-165.0
4013,-156.0
4014,-169.0
4015,-186.0
4016,-155.0
4017,-155.0
4018,-189.0
4019,-158.0
4020,-200.0
4021,-200.0
4022,-168.0
4023,-168.0
4024,-174.0
4025,-200.0
4026,-200.0
4027,-200.0
4028,-168.0
4029,-200.0
4030,-158.0
4031,-200.0
4032,-200.0
4033,-200.0
4034,-164.0
4035,-200.0
4036,-200.0
4037,-200.0
4038,-200.0
4039,-200.0
4040,-200.0
4041,-200.0
4042,-200.0
4043,-200.0
4044,-160.0
4045,-200.0
4046,-200.0
4047,-200.0
4048,-200.0
4049,-200.0
4050,-200.0
4051,-200.0
4052,-200.0
4053,-200.0
4054,-200.0
4055,-200.0
4056,-200.0
4057,-200.0
4058,-200.0
4059,-200.0
4060,-192.0
4061,-185.0
4062,-191.0
4063,-200.0
4064,-200.0
4065,-200.0
4066,-200.0
4067,-200.0
4068,-200.0
4069,-200.0
4070,-200.0
4071,-198.0
4072,-200.0
4073,-200.0
4074,-200.0
4075,-200.0
4076,-200.0
4077,-200.0
4078,-200.0
4079,-200.0
4080,-200.0
4081,-200.0
4082,-200.0
4083,-200.0
4084,-189.0
4085,-200.0
4086,-200.0
4087,-200.0
4088,-200.0
4089,-190.0
4090,-200.0
4091,-200.0
4092,-200.0
4093,-200.0
4094,-200.0
4095,-200.0
4096,-200.0
4097,-200.0
4098,-200.0
4099,-200.0
4100,-200.0
4101,-200.0
4102,-200.0
4103,-200.0
4104,-193.0
4105,-156.0
4106,-194.0
4107,-200.0
4108,-200.0
4109,-200.0
4110,-190.0
4111,-200.0
4112,-200.0
4113,-200.0
4114,-200.0
4115,-200.0
4116,-200.0
4117,-200.0
4118,-200.0
4119,-200.0
4120,-200.0
4121,-196.0
4122,-200.0
4123,-200.0
4124,-200.0
4125,-200.0
4126,-200.0
4127,-200.0
4128,-200.0
4129,-200.0
4130,-200.0
4131,-200.0
4132,-200.0
4133,-200.0
4134,-200.0
4135,-200.0
4136,-200.0
4137,-200.0
4138,-200.0
4139,-200.0
4140,-200.0
4141,-200.0
4142,-200.0
4143,-200.0
4144,-200.0
4145,-200.0
4146,-200.0
4147,-200.0
4148,-200.0
4149,-200.0
4150,-200.0
4151,-200.0
4152,-200.0
4153,-169.0
4154,-200.0
4155,-200.0
4156,-200.0
4157,-200.0
4158,-200.0
4159,-200.0
4160,-200.0
4161,-200.0
4162,-199.0
4163,-200.0
4164,-200.0
4165,-200.0
4166,-200.0
4167,-200.0
4168,-200.0
4169,-200.0
4170,-200.0
4171,-200.0
4172,-200.0
4173,-200.0
4174,-200.0
4175,-200.0
4176,-200.0
4177,-200.0
4178,-200.0
4179,-200.0
4180,-200.0
4181,-200.0
4182,-200.0
4183,-200.0
4184,-200.0
4185,-200.0
4186,-200.0
4187,-200.0
4188,-200.0
4189,-200.0
4190,-200.0
4191,-200.0
4192,-200.0
4193,-200.0
4194,-200.0
4195,-200.0
4196,-163.0
4197,-200.0
4198,-200.0
4199,-200.0
4200,-198.0
4201,-200.0
4202,-200.0
4203,-200.0
4204,-200.0
4205,-197.0
4206,-200.0
4207,-191.0
4208,-200.0
4209,-196.0
4210,-200.0
4211,-163.0
4212,-195.0
4213,-193.0
4214,-192.0
4215,-200.0
4216,-200.0
4217,-173.0
4218,-196.0
4219,-200.0
4220,-189.0
4221,-195.0
4222,-164.0
4223,-188.0
4224,-200.0
4225,-199.0
4226,-194.0
4227,-200.0
4228,-199.0
4229,-200.0
4230,-194.0
4231,-162.0
4232,-164.0
4233,-169.0
4234,-159.0
4235,-175.0
4236,-163.0
4237,-190.0
4238,-170.0
4239,-173.0
4240,-194.0
4241,-161.0
4242,-200.0
4243,-164.0
4244,-163.0
4245,-171.0
4246,-178.0
4247,-199.0
4248,-163.0
4249,-163.0
4250,-180.0
4251,-160.0
4252,-164.0
4253,-167.0
4254,-180.0
4255,-164.0
4256,-188.0
4257,-161.0
4258,-194.0
4259,-200.0
4260,-179.0
4261,-162.0
4262,-200.0
4263,-200.0
4264,-179.0
4265,-200.0
4266,-200.0
4267,-164.0
4268,-200.0
4269,-199.0
4270,-165.0
4271,-200.0
4272,-198.0
4273,-200.0
4274,-200.0
4275,-200.0
4276,-179.0
4277,-200.0
4278,-200.0
4279,-200.0
4280,-166.0
4281,-200.0
4282,-200.0
4283,-200.0
4284,-200.0
4285,-200.0
4286,-200.0
4287,-200.0
4288,-200.0
4289,-200.0
4290,-200.0
4291,-200.0
4292,-200.0
4293,-200.0
4294,-200.0
4295,-200.0
4296,-200.0
4297,-160.0
4298,-200.0
4299,-200.0
4300,-200.0
4301,-200.0
4302,-200.0
4303,-200.0
4304,-200.0
4305,-168.0
4306,-200.0
4307,-165.0
4308,-200.0
4309,-200.0
4310,-200.0
4311,-200.0
4312,-200.0
4313,-200.0
4314,-200.0
4315,-200.0
4316,-200.0
4317,-200.0
4318,-200.0
4319,-200.0
4320,-200.0
4321,-200.0
4322,-200.0
4323,-200.0
4324,-200.0
4325,-200.0
4326,-197.0
4327,-200.0
4328,-171.0
4329,-200.0
4330,-200.0
4331,-200.0
4332,-172.0
4333,-200.0
4334,-200.0
4335,-200.0
4336,-200.0
4337,-200.0
4338,-200.0
4339,-200.0
4340,-200.0
4341,-200.0
4342,-200.0
4343,-200.0
4344,-200.0
4345,-200.0
4346,-200.0
4347,-200.0
4348,-200.0
4349,-200.0
4350,-200.0
4351,-200.0
4352,-200.0
4353,-200.0
4354,-200.0
4355,-200.0
4356,-200.0
4357,-200.0
4358,-200.0
4359,-200.0
4360,-200.0
4361,-200.0
4362,-200.0
4363,-200.0
4364,-200.0
4365,-200.0
4366,-200.0
4367,-200.0
4368,-200.0
4369,-168.0
4370,-200.0
4371,-200.0
4372,-188.0
4373,-162.0
4374,-200.0
4375,-200.0
4376,-200.0
4377,-200.0
4378,-200.0
4379,-171.0
4380,-200.0
4381,-200.0
4382,-197.0
4383,-185.0
4384,-200.0
4385,-200.0
4386,-200.0
4387,-200.0
4388,-200.0
4389,-165.0
4390,-195.0
4391,-197.0
4392,-196.0
4393,-200.0
4394,-200.0
4395,-200.0
4396,-200.0
4397,-162.0
4398,-200.0
4399,-200.0
4400,-200.0
4401,-200.0
4402,-167.0
4403,-169.0
4404,-158.0
4405,-199.0
4406,-162.0
4407,-183.0
4408,-179.0
4409,-165.0
4410,-193.0
4411,-186.0
4412,-186.0
4413,-177.0
4414,-182.0
4415,-193.0
4416,-158.0
4417,-200.0
4418,-173.0
4419,-181.0
4420,-163.0
4421,-163.0
4422,-178.0
4423,-191.0
4424,-165.0
4425,-187.0
4426,-200.0
4427,-165.0
4428,-200.0
4429,-162.0
4430,-161.0
4431,-162.0
4432,-170.0
4433,-195.0
4434,-183.0
4435,-157.0
4436,-162.0
4437,-194.0
4438,-187.0
4439,-200.0
4440,-197.0
4441,-198.0
4442,-191.0
4443,-200.0
4444,-169.0
4445,-195.0
4446,-152.0
4447,-164.0
4448,-168.0
4449,-193.0
4450,-163.0
4451,-161.0
4452,-158.0
4453,-192.0
4454,-155.0
4455,-171.0
4456,-185.0
4457,-179.0
4458,-172.0
4459,-200.0
4460,-179.0
4461,-160.0
4462,-191.0
4463,-155.0
4464,-161.0
4465,-156.0
4466,-170.0
4467,-156.0
4468,-185.0
4469,-171.0
4470,-158.0
4471,-188.0
4472,-157.0
4473,-161.0
4474,-161.0
4475,-200.0
4476,-160.0
4477,-191.0
4478,-156.0
4479,-155.0
4480,-200.0
4481,-156.0
4482,-168.0
4483,-183.0
4484,-192.0
4485,-200.0
4486,-160.0
4487,-188.0
4488,-155.0
4489,-191.0
4490,-157.0
4491,-161.0
4492,-160.0
4493,-158.0
4494,-193.0
4495,-200.0
4496,-162.0
4497,-200.0
4498,-200.0
4499,-158.0
4500,-200.0
4501,-162.0
4502,-200.0
4503,-161.0
4504,-200.0
4505,-157.0
4506,-198.0
4507,-187.0
4508,-200.0
4509,-200.0
4510,-200.0
4511,-200.0
4512,-200.0
4513,-200.0
4514,-191.0
4515,-169.0
4516,-162.0
4517,-160.0
4518,-166.0
4519,-182.0
4520,-173.0
4521,-200.0
4522,-160.0
4523,-153.0
4524,-200.0
4525,-200.0
4526,-200.0
4527,-200.0
4528,-156.0
4529,-200.0
4530,-194.0
4531,-155.0
4532,-156.0
4533,-200.0
4534,-200.0
4535,-200.0
4536,-200.0
4537,-196.0
4538,-200.0
4539,-200.0
4540,-193.0
4541,-200.0
4542,-200.0
4543,-200.0
4544,-200.0
4545,-168.0
4546,-118.0
4547,-163.0
4548,-200.0
4549,-200.0
4550,-158.0
4551,-152.0
4552,-200.0
4553,-200.0
4554,-200.0
4555,-200.0
4556,-155.0
4557,-159.0
4558,-163.0
4559,-200.0
4560,-161.0
4561,-153.0
4562,-164.0
4563,-161.0
4564,-159.0
4565,-159.0
4566,-160.0
4567,-158.0
4568,-157.0
4569,-200.0
4570,-153.0
4571,-150.0
4572,-156.0
4573,-200.0
4574,-157.0
4575,-160.0
4576,-156.0
4577,-169.0
4578,-200.0
4579,-149.0
4580,-156.0
4581,-151.0
4582,-161.0
4583,-119.0
4584,-155.0
4585,-158.0
4586,-157.0
4587,-166.0
4588,-126.0
4589,-200.0
4590,-154.0
4591,-149.0
4592,-157.0
4593,-155.0
4594,-155.0
4595,-172.0
4596,-152.0
4597,-200.0
4598,-150.0
4599,-158.0
4600,-120.0
4601,-143.0
4602,-158.0
4603,-163.0
4604,-161.0
4605,-157.0
4606,-163.0
4607,-115.0
4608,-169.0
4609,-158.0
4610,-200.0
4611,-154.0
4612,-200.0
4613,-200.0
4614,-175.0
4615,-160.0
4616,-156.0
4617,-161.0
4618,-164.0
4619,-127.0
4620,-159.0
4621,-169.0
4622,-153.0
4623,-116.0
4624,-122.0
4625,-121.0
4626,-117.0
4627,-118.0
4628,-121.0
4629,-121.0
4630,-152.0
4631,-147.0
4632,-160.0
4633,-159.0
4634,-156.0
4635,-157.0
4636,-147.0
4637,-151.0
4638,-154.0
4639,-119.0
4640,-118.0
4641,-117.0
4642,-167.0
4643,-118.0
4644,-117.0
4645,-156.0
4646,-152.0
4647,-150.0
4648,-151.0
4649,-146.0
4650,-122.0
4651,-150.0
4652,-116.0
4653,-119.0
4654,-155.0
4655,-149.0
4656,-151.0
4657,-150.0
4658,-174.0
4659,-156.0
4660,-160.0
4661,-152.0
4662,-147.0
4663,-146.0
4664,-152.0
4665,-159.0
4666,-161.0
4667,-151.0
4668,-164.0
4669,-153.0
4670,-153.0
4671,-155.0
4672,-155.0
4673,-124.0
4674,-148.0
4675,-161.0
4676,-120.0
4677,-117.0
4678,-200.0
4679,-123.0
4680,-118.0
4681,-200.0
4682,-121.0
4683,-119.0
4684,-155.0
4685,-161.0
4686,-140.0
4687,-157.0
4688,-118.0
4689,-152.0
4690,-200.0
4691,-155.0
4692,-156.0
4693,-160.0
4694,-123.0
4695,-169.0
4696,-168.0
4697,-116.0
4698,-118.0
4699,-117.0
4700,-119.0
4701,-126.0
4702,-180.0
4703,-157.0
4704,-122.0
4705,-158.0
4706,-156.0
4707,-117.0
4708,-120.0
4709,-158.0
4710,-138.0
4711,-118.0
4712,-110.0
4713,-155.0
4714,-157.0
4715,-154.0
4716,-146.0
4717,-116.0
4718,-118.0
4719,-123.0
4720,-200.0
4721,-106.0
4722,-152.0
4723,-200.0
4724,-200.0
4725,-162.0
4726,-200.0
4727,-200.0
4728,-159.0
4729,-195.0
4730,-193.0
4731,-192.0
4732,-156.0
4733,-200.0
4734,-173.0
4735,-189.0
4736,-200.0
4737,-200.0
4738,-161.0
4739,-146.0
4740,-191.0
4741,-184.0
4742,-200.0
4743,-189.0
4744,-189.0
4745,-197.0
4746,-189.0
4747,-200.0
4748,-200.0
4749,-200.0
4750,-200.0
4751,-200.0
4752,-200.0
4753,-157.0
4754,-200.0
4755,-196.0
4756,-181.0
4757,-200.0
4758,-162.0
4759,-185.0
4760,-180.0
4761,-184.0
4762,-192.0
4763,-181.0
4764,-154.0
4765,-185.0
4766,-162.0
4767,-200.0
4768,-153.0
4769,-200.0
4770,-200.0
4771,-171.0
4772,-157.0
4773,-167.0
4774,-155.0
4775,-158.0
4776,-165.0
4777,-165.0
4778,-150.0
4779,-169.0
4780,-196.0
4781,-181.0
4782,-158.0
4783,-151.0
4784,-152.0
4785,-150.0
4786,-156.0
4787,-200.0
4788,-161.0
4789,-158.0
4790,-176.0
4791,-153.0
4792,-152.0
4793,-176.0
4794,-160.0
4795,-149.0
4796,-180.0
4797,-179.0
4798,-155.0
4799,-195.0
4800,-154.0
4801,-154.0
4802,-200.0
4803,-148.0
4804,-159.0
4805,-156.0
4806,-152.0
4807,-156.0
4808,-174.0
4809,-155.0
4810,-200.0
4811,-172.0
4812,-154.0
4813,-177.0
4814,-168.0
4815,-174.0
4816,-155.0
4817,-154.0
4818,-152.0
4819,-152.0
4820,-189.0
4821,-151.0
4822,-146.0
4823,-148.0
4824,-153.0
4825,-157.0
4826,-155.0
4827,-158.0
4828,-158.0
4829,-154.0
4830,-158.0
4831,-146.0
4832,-153.0
4833,-155.0
4834,-161.0
4835,-200.0
4836,-150.0
4837,-158.0
4838,-159.0
4839,-156.0
4840,-200.0
4841,-200.0
4842,-155.0
4843,-155.0
4844,-147.0
4845,-155.0
4846,-158.0
4847,-200.0
4848,-158.0
4849,-200.0
4850,-161.0
4851,-200.0
4852,-163.0
4853,-157.0
4854,-200.0
4855,-200.0
4856,-152.0
4857,-200.0
4858,-160.0
4859,-200.0
4860,-193.0
4861,-178.0
4862,-176.0
4863,-188.0
4864,-180.0
4865,-157.0
4866,-200.0
4867,-160.0
4868,-158.0
4869,-162.0
4870,-173.0
4871,-190.0
4872,-157.0
4873,-194.0
4874,-163.0
4875,-161.0
4876,-164.0
4877,-185.0
4878,-159.0
4879,-158.0
4880,-160.0
4881,-153.0
4882,-190.0
4883,-183.0
4884,-153.0
4885,-174.0
4886,-181.0
4887,-183.0
4888,-153.0
4889,-185.0
4890,-181.0
4891,-153.0
4892,-184.0
4893,-190.0
4894,-181.0
4895,-200.0
4896,-176.0
4897,-148.0
4898,-167.0
4899,-149.0
4900,-167.0
4901,-172.0
4902,-153.0
4903,-153.0
4904,-168.0
4905,-154.0
4906,-185.0
4907,-184.0
4908,-154.0
4909,-176.0
4910,-165.0
4911,-199.0
4912,-157.0
4913,-185.0
4914,-176.0
4915,-200.0
4916,-149.0
4917,-200.0
4918,-150.0
4919,-200.0
4920,-171.0
4921,-168.0
4922,-153.0
4923,-200.0
4924,-179.0
4925,-160.0
4926,-174.0
4927,-174.0
4928,-155.0
4929,-157.0
4930,-155.0
4931,-161.0
4932,-160.0
4933,-160.0
4934,-158.0
4935,-158.0
4936,-200.0
4937,-159.0
4938,-155.0
4939,-200.0
4940,-178.0
4941,-156.0
4942,-160.0
4943,-180.0
4944,-156.0
4945,-177.0
4946,-154.0
4947,-156.0
4948,-169.0
4949,-155.0
4950,-162.0
4951,-192.0
4952,-179.0
4953,-149.0
4954,-187.0
4955,-153.0
4956,-184.0
4957,-187.0
4958,-161.0
4959,-200.0
4960,-188.0
4961,-175.0
4962,-149.0
4963,-160.0
4964,-200.0
4965,-200.0
4966,-200.0
4967,-200.0
4968,-200.0
4969,-200.0
4970,-177.0
4971,-177.0
4972,-178.0
4973,-161.0
4974,-180.0
4975,-174.0
4976,-173.0
4977,-155.0
4978,-182.0
4979,-152.0
4980,-176.0
4981,-190.0
4982,-178.0
4983,-200.0
4984,-182.0
4985,-200.0
4986,-151.0
4987,-200.0
4988,-200.0
4989,-148.0
4990,-115.0
4991,-167.0
4992,-153.0
4993,-195.0
4994,-200.0
4995,-175.0
4996,-200.0
4997,-149.0
4998,-200.0
4999,-200.0
5000,-200.0
5001,-172.0
5002,-197.0
5003,-197.0
5004,-198.0
5005,-163.0
5006,-154.0
5007,-184.0
5008,-200.0
5009,-163.0
5010,-200.0
5011,-200.0
5012,-200.0
5013,-185.0
5014,-143.0
5015,-200.0
5016,-200.0
5017,-150.0
5018,-200.0
5019,-200.0
5020,-200.0
5021,-170.0
5022,-200.0
5023,-159.0
5024,-200.0
5025,-200.0
5026,-200.0
5027,-200.0
5028,-200.0
5029,-200.0
5030,-200.0
5031,-200.0
5032,-200.0
5033,-160.0
5034,-200.0
5035,-200.0
5036,-191.0
5037,-200.0
5038,-194.0
5039,-200.0
5040,-200.0
5041,-200.0
5042,-200.0
5043,-198.0
5044,-200.0
5045,-159.0
5046,-191.0
5047,-157.0
5048,-197.0
5049,-158.0
5050,-191.0
5051,-179.0
5052,-190.0
5053,-182.0
5054,-184.0
5055,-191.0
5056,-195.0
5057,-189.0
5058,-180.0
5059,-196.0
5060,-184.0
5061,-162.0
5062,-156.0
5063,-173.0
5064,-196.0
5065,-156.0
5066,-153.0
5067,-193.0
5068,-154.0
5069,-152.0
5070,-160.0
5071,-191.0
5072,-151.0
5073,-192.0
5074,-157.0
5075,-165.0
5076,-193.0
5077,-165.0
5078,-160.0
5079,-166.0
5080,-200.0
5081,-195.0
5082,-200.0
5083,-161.0
5084,-200.0
5085,-183.0
5086,-168.0
5087,-188.0
5088,-192.0
5089,-160.0
5090,-200.0
5091,-160.0
5092,-198.0
5093,-200.0
5094,-197.0
5095,-168.0
5096,-196.0
5097,-194.0
5098,-171.0
5099,-158.0
5100,-193.0
5101,-188.0
5102,-154.0
5103,-162.0
5104,-157.0
5105,-161.0
5106,-200.0
5107,-183.0
5108,-159.0
5109,-191.0
5110,-183.0
5111,-151.0
5112,-178.0
5113,-154.0
5114,-192.0
5115,-190.0
5116,-198.0
5117,-192.0
5118,-197.0
5119,-151.0
5120,-153.0
5121,-186.0
5122,-152.0
5123,-150.0
5124,-161.0
5125,-187.0
5126,-189.0
5127,-191.0
5128,-184.0
5129,-150.0
5130,-165.0
5131,-187.0
5132,-185.0
5133,-185.0
5134,-153.0
5135,-155.0
5136,-188.0
5137,-192.0
5138,-190.0
5139,-153.0
5140,-191.0
5141,-185.0
5142,-155.0
5143,-189.0
5144,-156.0
5145,-167.0
5146,-153.0
5147,-165.0
5148,-155.0
5149,-169.0
5150,-193.0
5151,-155.0
5152,-197.0
5153,-161.0
5154,-155.0
5155,-158.0
5156,-200.0
5157,-199.0
5158,-175.0
5159,-198.0
5160,-160.0
5161,-155.0
5162,-196.0
5163,-156.0
5164,-167.0
5165,-157.0
5166,-197.0
5167,-200.0
5168,-158.0
5169,-155.0
5170,-152.0
5171,-199.0
5172,-171.0
5173,-160.0
5174,-196.0
5175,-159.0
5176,-163.0
5177,-156.0
5178,-164.0
5179,-155.0
5180,-200.0
5181,-153.0
5182,-151.0
5183,-157.0
5184,-196.0
5185,-194.0
5186,-162.0
5187,-196.0
5188,-158.0
5189,-154.0
5190,-158.0
5191,-157.0
5192,-154.0
5193,-157.0
5194,-191.0
5195,-157.0
5196,-194.0
5197,-163.0
5198,-200.0
5199,-167.0
5200,-163.0
5201,-196.0
5202,-197.0
5203,-155.0
5204,-171.0
5205,-194.0
5206,-194.0
5207,-187.0
5208,-183.0
5209,-162.0
5210,-183.0
5211,-186.0
5212,-171.0
5213,-171.0
5214,-196.0
5215,-154.0
5216,-153.0
5217,-185.0
5218,-183.0
5219,-157.0
5220,-162.0
5221,-158.0
5222,-153.0
5223,-178.0
5224,-157.0
5225,-154.0
5226,-174.0
5227,-151.0
5228,-166.0
5229,-185.0
5230,-169.0
5231,-155.0
5232,-158.0
5233,-171.0
5234,-186.0
5235,-179.0
5236,-183.0
5237,-151.0
5238,-153.0
5239,-189.0
5240,-182.0
5241,-192.0
5242,-184.0
5243,-161.0
5244,-154.0
5245,-179.0
5246,-157.0
5247,-161.0
5248,-161.0
5249,-167.0
5250,-169.0
5251,-162.0
5252,-158.0
5253,-159.0
5254,-160.0
5255,-159.0
5256,-172.0
5257,-168.0
5258,-181.0
5259,-158.0
5260,-177.0
5261,-180.0
5262,-159.0
5263,-184.0
5264,-159.0
5265,-153.0
5266,-156.0
5267,-163.0
5268,-175.0
5269,-156.0
5270,-171.0
5271,-177.0
5272,-155.0
5273,-177.0
5274,-176.0
5275,-167.0
5276,-179.0
5277,-177.0
5278,-172.0
5279,-177.0
5280,-163.0
5281,-173.0
5282,-162.0
5283,-167.0
5284,-178.0
5285,-166.0
5286,-173.0
5287,-200.0
5288,-153.0
5289,-184.0
5290,-154.0
5291,-155.0
5292,-171.0
5293,-147.0
5294,-172.0
5295,-173.0
5296,-152.0
5297,-155.0
5298,-154.0
5299,-170.0
5300,-181.0
5301,-153.0
5302,-157.0
5303,-169.0
5304,-168.0
5305,-176.0
5306,-180.0
5307,-154.0
5308,-148.0
5309,-171.0
5310,-175.0
5311,-200.0
5312,-150.0
5313,-156.0
5314,-157.0
5315,-188.0
5316,-152.0
5317,-186.0
5318,-200.0
5319,-200.0
5320,-184.0
5321,-151.0
5322,-166.0
5323,-153.0
5324,-157.0
5325,-200.0
5326,-155.0
5327,-156.0
5328,-149.0
5329,-156.0
5330,-154.0
5331,-152.0
5332,-156.0
5333,-154.0
5334,-190.0
5335,-200.0
5336,-199.0
5337,-151.0
5338,-151.0
5339,-151.0
5340,-156.0
5341,-200.0
5342,-150.0
5343,-184.0
5344,-163.0
5345,-200.0
5346,-160.0
5347,-188.0
5348,-161.0
5349,-173.0
5350,-200.0
5351,-154.0
5352,-154.0
5353,-200.0
5354,-151.0
5355,-191.0
5356,-148.0
5357,-200.0
5358,-151.0
5359,-200.0
5360,-200.0
5361,-200.0
5362,-200.0
5363,-154.0
5364,-148.0
5365,-157.0
5366,-145.0
5367,-157.0
5368,-145.0
5369,-200.0
5370,-200.0
5371,-200.0
5372,-200.0
5373,-200.0
5374,-165.0
5375,-200.0
5376,-200.0
5377,-200.0
5378,-200.0
5379,-200.0
5380,-200.0
5381,-185.0
5382,-200.0
5383,-200.0
5384,-200.0
5385,-200.0
5386,-153.0
5387,-200.0
5388,-200.0
5389,-200.0
5390,-200.0
5391,-200.0
5392,-200.0
5393,-167.0
5394,-200.0
5395,-200.0
5396,-200.0
5397,-200.0
5398,-200.0
5399,-200.0
5400,-200.0
5401,-166.0
5402,-173.0
5403,-181.0
5404,-129.0
5405,-200.0
5406,-200.0
5407,-200.0
5408,-200.0
5409,-156.0
5410,-163.0
5411,-157.0
5412,-160.0
5413,-158.0
5414,-200.0
5415,-158.0
5416,-200.0
5417,-161.0
5418,-121.0
5419,-195.0
5420,-200.0
5421,-193.0
5422,-200.0
5423,-200.0
5424,-179.0
5425,-175.0
5426,-155.0
5427,-168.0
5428,-150.0
5429,-143.0
5430,-114.0
5431,-161.0
5432,-115.0
5433,-147.0
5434,-156.0
5435,-168.0
5436,-200.0
5437,-172.0
5438,-200.0
5439,-200.0
5440,-163.0
5441,-200.0
5442,-116.0
5443,-200.0
5444,-164.0
5445,-158.0
5446,-200.0
5447,-149.0
5448,-118.0
5449,-199.0
5450,-200.0
5451,-200.0
5452,-118.0
5453,-200.0
5454,-200.0
5455,-200.0
5456,-200.0
5457,-200.0
5458,-200.0
5459,-200.0
5460,-200.0
5461,-200.0
5462,-200.0
5463,-200.0
5464,-200.0
5465,-200.0
5466,-166.0
5467,-200.0
5468,-164.0
5469,-175.0
5470,-166.0
5471,-178.0
5472,-125.0
5473,-120.0
5474,-169.0
5475,-200.0
5476,-167.0
5477,-188.0
5478,-118.0
5479,-189.0
5480,-200.0
5481,-200.0
5482,-184.0
5483,-172.0
5484,-200.0
5485,-172.0
5486,-190.0
5487,-128.0
5488,-162.0
5489,-168.0
5490,-185.0
5491,-180.0
5492,-116.0
5493,-173.0
5494,-181.0
5495,-157.0
5496,-178.0
5497,-116.0
5498,-184.0
5499,-153.0
5500,-177.0
5501,-153.0
5502,-166.0
5503,-157.0
5504,-156.0
5505,-180.0
5506,-178.0
5507,-177.0
5508,-178.0
5509,-161.0
5510,-175.0
5511,-160.0
5512,-186.0
5513,-178.0
5514,-166.0
5515,-166.0
5516,-174.0
5517,-180.0
5518,-160.0
5519,-187.0
5520,-158.0
5521,-159.0
5522,-152.0
5523,-178.0
5524,-184.0
5525,-175.0
5526,-165.0
5527,-178.0
5528,-168.0
5529,-169.0
5530,-148.0
5531,-155.0
5532,-180.0
5533,-155.0
5534,-153.0
5535,-119.0
5536,-118.0
5537,-180.0
5538,-148.0
5539,-150.0
5540,-148.0
5541,-159.0
5542,-151.0
5543,-185.0
5544,-160.0
5545,-118.0
5546,-150.0
5547,-152.0
5548,-115.0
5549,-166.0
5550,-189.0
5551,-151.0
5552,-182.0
5553,-123.0
5554,-116.0
5555,-160.0
5556,-193.0
5557,-155.0
5558,-170.0
5559,-199.0
5560,-194.0
5561,-157.0
5562,-158.0
5563,-151.0
5564,-125.0
5565,-126.0
5566,-159.0
5567,-126.0
5568,-195.0
5569,-157.0
5570,-166.0
5571,-160.0
5572,-118.0
5573,-123.0
5574,-120.0
5575,-155.0
5576,-136.0
5577,-116.0
5578,-159.0
5579,-198.0
5580,-200.0
5581,-200.0
5582,-119.0
5583,-200.0
5584,-125.0
5585,-164.0
5586,-168.0
5587,-147.0
5588,-155.0
5589,-184.0
5590,-149.0
5591,-149.0
5592,-149.0
5593,-118.0
5594,-151.0
5595,-145.0
5596,-200.0
5597,-151.0
5598,-153.0
5599,-153.0
5600,-110.0
5601,-135.0
5602,-200.0
5603,-175.0
5604,-155.0
5605,-200.0
5606,-153.0
5607,-110.0
5608,-154.0
5609,-151.0
5610,-200.0
5611,-200.0
5612,-154.0
5613,-200.0
5614,-200.0
5615,-177.0
5616,-183.0
5617,-200.0
5618,-134.0
5619,-178.0
5620,-119.0
5621,-159.0
5622,-125.0
5623,-167.0
5624,-182.0
5625,-163.0
5626,-190.0
5627,-124.0
5628,-179.0
5629,-120.0
5630,-160.0
5631,-120.0
5632,-164.0
5633,-168.0
5634,-166.0
5635,-119.0
5636,-112.0
5637,-159.0
5638,-126.0
5639,-169.0
5640,-113.0
5641,-118.0
5642,-114.0
5643,-115.0
5644,-159.0
5645,-117.0
5646,-183.0
5647,-117.0
5648,-127.0
5649,-155.0
5650,-157.0
5651,-161.0
5652,-114.0
5653,-156.0
5654,-156.0
5655,-151.0
5656,-113.0
5657,-156.0
5658,-123.0
5659,-122.0
5660,-150.0
5661,-152.0
5662,-127.0
5663,-178.0
5664,-167.0
5665,-167.0
5666,-151.0
5667,-155.0
5668,-153.0
5669,-198.0
5670,-183.0
5671,-179.0
5672,-200.0
5673,-157.0
5674,-200.0
5675,-162.0
5676,-153.0
5677,-159.0
5678,-123.0
5679,-167.0
5680,-157.0
5681,-155.0
5682,-111.0
5683,-191.0
5684,-114.0
5685,-169.0
5686,-168.0
5687,-199.0
5688,-200.0
5689,-127.0
5690,-165.0
5691,-153.0
5692,-200.0
5693,-158.0
5694,-161.0
5695,-200.0
5696,-200.0
5697,-117.0
5698,-167.0
5699,-121.0
5700,-115.0
5701,-159.0
5702,-121.0
5703,-126.0
5704,-160.0
5705,-122.0
5706,-197.0
5707,-152.0
5708,-160.0
5709,-170.0
5710,-153.0
5711,-154.0
5712,-150.0
5713,-169.0
5714,-163.0
5715,-200.0
5716,-188.0
5717,-173.0
5718,-161.0
5719,-198.0
5720,-166.0
5721,-171.0
5722,-175.0
5723,-161.0
5724,-150.0
5725,-181.0
5726,-164.0
5727,-151.0
5728,-176.0
5729,-176.0
5730,-182.0
5731,-159.0
5732,-157.0
5733,-157.0
5734,-152.0
5735,-156.0
5736,-181.0
5737,-165.0
5738,-173.0
5739,-171.0
5740,-156.0
5741,-182.0
5742,-163.0
5743,-156.0
5744,-154.0
5745,-178.0
5746,-159.0
5747,-169.0
5748,-156.0
5749,-153.0
5750,-186.0
5751,-170.0
5752,-175.0
5753,-163.0
5754,-186.0
5755,-158.0
5756,-155.0
5757,-168.0
5758,-155.0
5759,-155.0
5760,-182.0
5761,-154.0
5762,-165.0
5763,-172.0
5764,-181.0
5765,-161.0
5766,-158.0
5767,-163.0
5768,-175.0
5769,-156.0
5770,-182.0
5771,-172.0
5772,-151.0
5773,-175.0
5774,-178.0
5775,-153.0
5776,-177.0
5777,-200.0
5778,-144.0
5779,-153.0
5780,-154.0
5781,-179.0
5782,-158.0
5783,-198.0
5784,-152.0
5785,-191.0
5786,-153.0
5787,-153.0
5788,-182.0
5789,-157.0
5790,-155.0
5791,-200.0
5792,-200.0
5793,-200.0
5794,-200.0
5795,-164.0
5796,-200.0
5797,-159.0
5798,-164.0
5799,-147.0
5800,-152.0
5801,-200.0
5802,-200.0
5803,-186.0
5804,-190.0
5805,-185.0
5806,-183.0
5807,-180.0
5808,-155.0
5809,-200.0
5810,-155.0
5811,-197.0
5812,-200.0
5813,-200.0
5814,-183.0
5815,-200.0
5816,-200.0
5817,-200.0
5818,-183.0
5819,-187.0
5820,-175.0
5821,-184.0
5822,-188.0
5823,-185.0
5824,-174.0
5825,-180.0
5826,-185.0
5827,-180.0
5828,-157.0
5829,-181.0
5830,-179.0
5831,-173.0
5832,-186.0
5833,-182.0
5834,-183.0
5835,-182.0
5836,-177.0
5837,-186.0
5838,-183.0
5839,-191.0
5840,-185.0
5841,-176.0
5842,-170.0
5843,-169.0
5844,-190.0
5845,-148.0
5846,-150.0
5847,-188.0
5848,-152.0
5849,-199.0
5850,-192.0
5851,-183.0
5852,-180.0
5853,-196.0
5854,-130.0
5855,-156.0
5856,-161.0
5857,-116.0
5858,-127.0
5859,-195.0
5860,-200.0
5861,-200.0
5862,-200.0
5863,-200.0
5864,-156.0
5865,-178.0
5866,-200.0
5867,-175.0
5868,-152.0
5869,-179.0
5870,-191.0
5871,-200.0
5872,-159.0
5873,-196.0
5874,-171.0
5875,-192.0
5876,-191.0
5877,-200.0
5878,-200.0
5879,-157.0
5880,-200.0
5881,-194.0
5882,-200.0
5883,-200.0
5884,-187.0
5885,-170.0
5886,-193.0
5887,-192.0
5888,-175.0
5889,-200.0
5890,-200.0
5891,-152.0
5892,-200.0
5893,-149.0
5894,-147.0
5895,-155.0
5896,-149.0
5897,-200.0
5898,-200.0
5899,-157.0
5900,-134.0
5901,-200.0
5902,-200.0
5903,-149.0
5904,-200.0
5905,-200.0
5906,-200.0
5907,-157.0
5908,-153.0
5909,-149.0
5910,-151.0
5911,-117.0
5912,-151.0
5913,-200.0
5914,-200.0
5915,-151.0
5916,-151.0
5917,-200.0
5918,-200.0
5919,-200.0
5920,-200.0
5921,-157.0
5922,-194.0
5923,-147.0
5924,-161.0
5925,-158.0
5926,-158.0
5927,-159.0
5928,-149.0
5929,-143.0
5930,-200.0
5931,-144.0
5932,-161.0
5933,-200.0
5934,-200.0
5935,-147.0
5936,-155.0
5937,-151.0
5938,-153.0
5939,-151.0
5940,-129.0
5941,-200.0
5942,-200.0
5943,-200.0
5944,-145.0
5945,-162.0
5946,-200.0
5947,-151.0
5948,-148.0
5949,-200.0
5950,-152.0
5951,-200.0
5952,-152.0
5953,-157.0
5954,-148.0
5955,-154.0
5956,-157.0
5957,-146.0
5958,-150.0
5959,-153.0
5960,-157.0
5961,-153.0
5962,-149.0
5963,-147.0
5964,-145.0
5965,-155.0
5966,-155.0
5967,-152.0
5968,-200.0
5969,-170.0
5970,-200.0
5971,-200.0
5972,-172.0
5973,-160.0
5974,-126.0
5975,-200.0
5976,-156.0
5977,-128.0
5978,-153.0
5979,-172.0
5980,-123.0
5981,-169.0
5982,-160.0
5983,-200.0
5984,-200.0
5985,-200.0
5986,-200.0
5987,-157.0
5988,-123.0
5989,-161.0
5990,-167.0
5991,-126.0
5992,-127.0
5993,-123.0
5994,-158.0
5995,-157.0
5996,-154.0
5997,-158.0
5998,-128.0
5999,-123.0
6000,-128.0
6001,-165.0
6002,-167.0
6003,-200.0
6004,-130.0
6005,-156.0
6006,-200.0
6007,-126.0
6008,-123.0
6009,-192.0
6010,-200.0
6011,-200.0
6012,-164.0
6013,-156.0
6014,-152.0
6015,-156.0
6016,-122.0
6017,-200.0
6018,-125.0
6019,-153.0
6020,-124.0
6021,-200.0
6022,-175.0
6023,-200.0
6024,-192.0
6025,-200.0
6026,-200.0
6027,-123.0
6028,-196.0
6029,-176.0
6030,-200.0
6031,-200.0
6032,-181.0
6033,-157.0
6034,-200.0
6035,-165.0
6036,-177.0
6037,-173.0
6038,-162.0
6039,-183.0
6040,-200.0
6041,-162.0
6042,-160.0
6043,-125.0
6044,-200.0
6045,-159.0
6046,-160.0
6047,-157.0
6048,-200.0
6049,-200.0
6050,-200.0
6051,-200.0
6052,-158.0
6053,-200.0
6054,-200.0
6055,-157.0
6056,-200.0
6057,-200.0
6058,-160.0
6059,-200.0
6060,-200.0
6061,-200.0
6062,-200.0
6063,-190.0
6064,-190.0
6065,-200.0
6066,-200.0
6067,-190.0
6068,-170.0
6069,-189.0
6070,-194.0
6071,-196.0
6072,-180.0
6073,-200.0
6074,-198.0
6075,-185.0
6076,-191.0
6077,-188.0
6078,-185.0
6079,-192.0
6080,-188.0
6081,-191.0
6082,-191.0
6083,-186.0
6084,-187.0
6085,-183.0
6086,-192.0
6087,-180.0
6088,-186.0
6089,-190.0
6090,-186.0
6091,-195.0
6092,-190.0
6093,-188.0
6094,-191.0
6095,-191.0
6096,-189.0
6097,-184.0
6098,-189.0
6099,-182.0
6100,-193.0
6101,-187.0
6102,-190.0
6103,-192.0
6104,-175.0
6105,-193.0
6106,-186.0
6107,-180.0
6108,-195.0
6109,-200.0
6110,-181.0
6111,-187.0
6112,-195.0
6113,-160.0
6114,-177.0
6115,-182.0
6116,-180.0
6117,-185.0
6118,-188.0
6119,-200.0
6120,-182.0
6121,-158.0
6122,-183.0
6123,-182.0
6124,-189.0
6125,-186.0
6126,-186.0
6127,-183.0
6128,-186.0
6129,-181.0
6130,-178.0
6131,-182.0
6132,-188.0
6133,-179.0
6134,-177.0
6135,-175.0
6136,-178.0
6137,-182.0
6138,-187.0
6139,-183.0
6140,-181.0
6141,-184.0
6142,-186.0
6143,-183.0
6144,-183.0
6145,-180.0
6146,-181.0
6147,-182.0
6148,-179.0
6149,-176.0
6150,-190.0
6151,-179.0
6152,-185.0
6153,-181.0
6154,-191.0
6155,-181.0
6156,-180.0
6157,-173.0
6158,-184.0
6159,-178.0
6160,-180.0
6161,-181.0
6162,-184.0
6163,-180.0
6164,-185.0
6165,-183.0
6166,-181.0
6167,-180.0
6168,-193.0
6169,-181.0
6170,-183.0
6171,-184.0
6172,-182.0
6173,-181.0
6174,-181.0
6175,-182.0
6176,-196.0
6177,-176.0
6178,-180.0
6179,-182.0
6180,-182.0
6181,-179.0
6182,-178.0
6183,-179.0
6184,-181.0
6185,-183.0
6186,-176.0
6187,-183.0
6188,-195.0
6189,-182.0
6190,-177.0
6191,-200.0
6192,-192.0
6193,-200.0
6194,-188.0
6195,-150.0
6196,-192.0
6197,-155.0
6198,-200.0
6199,-158.0
6200,-151.0
6201,-155.0
6202,-155.0
6203,-179.0
6204,-187.0
6205,-185.0
6206,-190.0
6207,-180.0
6208,-200.0
6209,-186.0
6210,-179.0
6211,-177.0
6212,-200.0
6213,-155.0
6214,-181.0
6215,-168.0
6216,-200.0
6217,-180.0
6218,-180.0
6219,-185.0
6220,-153.0
6221,-194.0
6222,-157.0
6223,-200.0
6224,-195.0
6225,-191.0
6226,-182.0
6227,-156.0
6228,-200.0
6229,-182.0
6230,-175.0
6231,-177.0
6232,-200.0
6233,-200.0
6234,-200.0
6235,-200.0
6236,-200.0
6237,-200.0
6238,-200.0
6239,-200.0
6240,-185.0
6241,-200.0
6242,-182.0
6243,-179.0
6244,-157.0
6245,-180.0
6246,-156.0
6247,-180.0
6248,-185.0
6249,-149.0
6250,-157.0
6251,-154.0
6252,-184.0
6253,-156.0
6254,-156.0
6255,-153.0
6256,-180.0
6257,-182.0
6258,-182.0
6259,-186.0
6260,-177.0
6261,-181.0
6262,-152.0
6263,-179.0
6264,-153.0
6265,-152.0
6266,-200.0
6267,-200.0
6268,-200.0
6269,-200.0
6270,-188.0
6271,-180.0
6272,-182.0
6273,-154.0
6274,-200.0
6275,-200.0
6276,-150.0
6277,-200.0
6278,-200.0
6279,-185.0
6280,-200.0
6281,-156.0
6282,-153.0
6283,-163.0
6284,-156.0
6285,-200.0
6286,-179.0
6287,-147.0
6288,-152.0
6289,-150.0
6290,-149.0
6291,-152.0
6292,-152.0
6293,-198.0
6294,-156.0
6295,-200.0
6296,-150.0
6297,-154.0
6298,-200.0
6299,-150.0
6300,-152.0
6301,-200.0
6302,-200.0
6303,-179.0
6304,-148.0
6305,-155.0
6306,-148.0
6307,-192.0
6308,-181.0
6309,-147.0
6310,-200.0
6311,-151.0
6312,-200.0
6313,-151.0
6314,-200.0
6315,-153.0
6316,-200.0
6317,-200.0
6318,-150.0
6319,-146.0
6320,-161.0
6321,-194.0
6322,-150.0
6323,-181.0
6324,-158.0
6325,-157.0
6326,-151.0
6327,-182.0
6328,-156.0
6329,-179.0
6330,-149.0
6331,-153.0
6332,-146.0
6333,-153.0
6334,-147.0
6335,-200.0
6336,-145.0
6337,-200.0
6338,-200.0
6339,-147.0
6340,-152.0
6341,-150.0
6342,-152.0
6343,-143.0
6344,-151.0
6345,-146.0
6346,-200.0
6347,-149.0
6348,-153.0
6349,-200.0
6350,-200.0
6351,-154.0
6352,-200.0
6353,-153.0
6354,-147.0
6355,-151.0
6356,-149.0
6357,-148.0
6358,-177.0
6359,-147.0
6360,-151.0
6361,-190.0
6362,-161.0
6363,-168.0
6364,-184.0
6365,-151.0
6366,-180.0
6367,-189.0
6368,-148.0
6369,-146.0
6370,-176.0
6371,-177.0
6372,-145.0
6373,-148.0
6374,-148.0
6375,-177.0
6376,-153.0
6377,-156.0
6378,-177.0
6379,-152.0
6380,-151.0
6381,-183.0
6382,-147.0
6383,-147.0
6384,-156.0
6385,-173.0
6386,-172.0
6387,-144.0
6388,-155.0
6389,-143.0
6390,-176.0
6391,-187.0
6392,-157.0
6393,-181.0
6394,-179.0
6395,-180.0
6396,-156.0
6397,-151.0
6398,-149.0
6399,-177.0
6400,-147.0
6401,-150.0
6402,-151.0
6403,-180.0
6404,-146.0
6405,-150.0
6406,-180.0
6407,-174.0
6408,-150.0
6409,-170.0
6410,-189.0
6411,-149.0
6412,-177.0
6413,-178.0
6414,-150.0
6415,-170.0
6416,-180.0
6417,-146.0
6418,-147.0
6419,-174.0
6420,-147.0
6421,-152.0
6422,-177.0
6423,-160.0
6424,-152.0
6425,-178.0
6426,-148.0
6427,-160.0
6428,-176.0
6429,-176.0
6430,-177.0
6431,-174.0
6432,-148.0
6433,-150.0
6434,-181.0
6435,-147.0
6436,-184.0
6437,-178.0
6438,-150.0
6439,-175.0
6440,-186.0
6441,-151.0
6442,-193.0
6443,-116.0
6444,-150.0
6445,-150.0
6446,-146.0
6447,-157.0
6448,-141.0
6449,-148.0
6450,-185.0
6451,-146.0
6452,-144.0
6453,-200.0
6454,-153.0
6455,-152.0
6456,-145.0
6457,-178.0
6458,-181.0
6459,-155.0
6460,-153.0
6461,-161.0
6462,-155.0
6463,-173.0
6464,-153.0
6465,-168.0
6466,-154.0
6467,-144.0
6468,-152.0
6469,-142.0
6470,-169.0
6471,-149.0
6472,-154.0
6473,-174.0
6474,-145.0
6475,-165.0
6476,-124.0
6477,-147.0
6478,-146.0
6479,-160.0
6480,-141.0
6481,-115.0
6482,-147.0
6483,-141.0
6484,-140.0
6485,-142.0
6486,-143.0
6487,-159.0
6488,-116.0
6489,-200.0
6490,-149.0
6491,-147.0
6492,-141.0
6493,-154.0
6494,-142.0
6495,-140.0
6496,-157.0
6497,-154.0
6498,-176.0
6499,-145.0
6500,-148.0
6501,-114.0
6502,-149.0
6503,-150.0
6504,-149.0
6505,-152.0
6506,-114.0
6507,-147.0
6508,-168.0
6509,-174.0
6510,-153.0
6511,-146.0
6512,-195.0
6513,-174.0
6514,-200.0
6515,-165.0
6516,-200.0
6517,-156.0
6518,-173.0
6519,-146.0
6520,-164.0
6521,-169.0
6522,-147.0
6523,-153.0
6524,-154.0
6525,-178.0
6526,-162.0
6527,-150.0
6528,-186.0
6529,-174.0
6530,-113.0
6531,-175.0
6532,-163.0
6533,-177.0
6534,-150.0
6535,-174.0
6536,-143.0
6537,-150.0
6538,-148.0
6539,-150.0
6540,-175.0
6541,-150.0
6542,-142.0
6543,-194.0
6544,-200.0
6545,-113.0
6546,-180.0
6547,-162.0
6548,-200.0
6549,-155.0
6550,-153.0
6551,-180.0
6552,-155.0
6553,-160.0
6554,-157.0
6555,-161.0
6556,-137.0
6557,-115.0
6558,-159.0
6559,-163.0
6560,-146.0
6561,-150.0
6562,-193.0
6563,-175.0
6564,-200.0
6565,-186.0
6566,-140.0
6567,-150.0
6568,-115.0
6569,-146.0
6570,-115.0
6571,-152.0
6572,-119.0
6573,-116.0
6574,-200.0
6575,-152.0
6576,-200.0
6577,-200.0
6578,-116.0
6579,-155.0
6580,-200.0
6581,-159.0
6582,-200.0
6583,-128.0
6584,-200.0
6585,-200.0
6586,-200.0
6587,-200.0
6588,-200.0
6589,-200.0
6590,-164.0
6591,-160.0
6592,-200.0
6593,-200.0
6594,-188.0
6595,-157.0
6596,-196.0
6597,-161.0
6598,-195.0
6599,-173.0
6600,-168.0
6601,-184.0
6602,-157.0
6603,-157.0
6604,-155.0
6605,-162.0
6606,-157.0
6607,-200.0
6608,-161.0
6609,-163.0
6610,-115.0
6611,-200.0
6612,-162.0
6613,-164.0
6614,-154.0
6615,-167.0
6616,-191.0
6617,-179.0
6618,-200.0
6619,-193.0
6620,-166.0
6621,-192.0
6622,-196.0
6623,-161.0
6624,-159.0
6625,-165.0
6626,-200.0
6627,-196.0
6628,-160.0
6629,-173.0
6630,-157.0
6631,-162.0
6632,-157.0
6633,-193.0
6634,-115.0
6635,-157.0
6636,-200.0
6637,-171.0
6638,-164.0
6639,-114.0
6640,-156.0
6641,-160.0
6642,-200.0
6643,-167.0
6644,-177.0
6645,-179.0
6646,-173.0
6647,-185.0
6648,-114.0
6649,-163.0
6650,-115.0
6651,-169.0
6652,-191.0
6653,-190.0
6654,-168.0
6655,-200.0
6656,-191.0
6657,-179.0
6658,-166.0
6659,-170.0
6660,-162.0
6661,-168.0
6662,-118.0
6663,-161.0
6664,-177.0
6665,-114.0
6666,-192.0
6667,-172.0
6668,-191.0
6669,-169.0
6670,-170.0
6671,-197.0
6672,-166.0
6673,-166.0
6674,-164.0
6675,-189.0
6676,-177.0
6677,-165.0
6678,-187.0
6679,-188.0
6680,-200.0
6681,-161.0
6682,-159.0
6683,-162.0
6684,-160.0
6685,-116.0
6686,-161.0
6687,-165.0
6688,-162.0
6689,-164.0
6690,-110.0
6691,-200.0
6692,-169.0
6693,-111.0
6694,-164.0
6695,-173.0
6696,-200.0
6697,-164.0
6698,-111.0
6699,-164.0
6700,-113.0
6701,-200.0
6702,-200.0
6703,-192.0
6704,-172.0
6705,-159.0
6706,-200.0
6707,-172.0
6708,-162.0
6709,-200.0
6710,-163.0
6711,-197.0
6712,-164.0
6713,-179.0
6714,-164.0
6715,-196.0
6716,-200.0
6717,-159.0
6718,-172.0
6719,-162.0
6720,-158.0
6721,-181.0
6722,-173.0
6723,-159.0
6724,-172.0
6725,-200.0
6726,-177.0
6727,-161.0
6728,-182.0
6729,-179.0
6730,-174.0
6731,-164.0
6732,-172.0
6733,-166.0
6734,-163.0
6735,-196.0
6736,-181.0
6737,-200.0
6738,-180.0
6739,-157.0
6740,-165.0
6741,-173.0
6742,-162.0
6743,-184.0
6744,-174.0
6745,-166.0
6746,-163.0
6747,-162.0
6748,-163.0
6749,-162.0
6750,-157.0
6751,-158.0
6752,-181.0
6753,-158.0
6754,-177.0
6755,-167.0
6756,-179.0
6757,-159.0
6758,-161.0
6759,-160.0
6760,-172.0
6761,-176.0
6762,-190.0
6763,-158.0
6764,-165.0
6765,-179.0
6766,-179.0
6767,-160.0
6768,-171.0
6769,-185.0
6770,-157.0
6771,-160.0
6772,-159.0
6773,-177.0
6774,-173.0
6775,-178.0
6776,-160.0
6777,-159.0
6778,-155.0
6779,-167.0
6780,-179.0
6781,-170.0
6782,-186.0
6783,-174.0
6784,-188.0
6785,-164.0
6786,-163.0
6787,-165.0
6788,-177.0
6789,-176.0
6790,-180.0
6791,-159.0
6792,-175.0
6793,-172.0
6794,-153.0
6795,-177.0
6796,-151.0
6797,-156.0
6798,-176.0
6799,-175.0
6800,-153.0
6801,-164.0
6802,-177.0
6803,-177.0
6804,-154.0
6805,-160.0
6806,-164.0
6807,-165.0
6808,-173.0
6809,-156.0
6810,-173.0
6811,-167.0
6812,-172.0
6813,-172.0
6814,-161.0
6815,-162.0
6816,-156.0
6817,-156.0
6818,-158.0
6819,-167.0
6820,-156.0
6821,-157.0
6822,-156.0
6823,-176.0
6824,-176.0
6825,-170.0
6826,-158.0
6827,-157.0
6828,-200.0
6829,-178.0
6830,-182.0
6831,-155.0
6832,-184.0
6833,-176.0
6834,-129.0
6835,-173.0
6836,-119.0
6837,-177.0
6838,-188.0
6839,-152.0
6840,-176.0
6841,-168.0
6842,-157.0
6843,-161.0
6844,-130.0
6845,-155.0
6846,-121.0
6847,-158.0
6848,-160.0
6849,-120.0
6850,-164.0
6851,-153.0
6852,-182.0
6853,-200.0
6854,-170.0
6855,-152.0
6856,-175.0
6857,-171.0
6858,-177.0
6859,-157.0
6860,-200.0
6861,-157.0
6862,-192.0
6863,-119.0
6864,-122.0
6865,-152.0
6866,-161.0
6867,-158.0
6868,-164.0
6869,-120.0
6870,-164.0
6871,-168.0
6872,-119.0
6873,-119.0
6874,-119.0
6875,-171.0
6876,-200.0
6877,-167.0
6878,-122.0
6879,-166.0
6880,-158.0
6881,-168.0
6882,-123.0
6883,-161.0
6884,-158.0
6885,-156.0
6886,-153.0
6887,-160.0
6888,-200.0
6889,-162.0
6890,-154.0
6891,-118.0
6892,-161.0
6893,-156.0
6894,-156.0
6895,-187.0
6896,-183.0
6897,-149.0
6898,-200.0
6899,-156.0
6900,-166.0
6901,-151.0
6902,-143.0
6903,-148.0
6904,-155.0
6905,-147.0
6906,-148.0
6907,-200.0
6908,-119.0
6909,-154.0
6910,-154.0
6911,-151.0
6912,-169.0
6913,-164.0
6914,-154.0
6915,-117.0
6916,-117.0
6917,-150.0
6918,-147.0
6919,-119.0
6920,-149.0
6921,-145.0
6922,-117.0
6923,-156.0
6924,-119.0
6925,-165.0
6926,-116.0
6927,-116.0
6928,-147.0
6929,-117.0
6930,-116.0
6931,-153.0
6932,-161.0
6933,-118.0
6934,-169.0
6935,-114.0
6936,-150.0
6937,-116.0
6938,-114.0
6939,-120.0
6940,-159.0
6941,-120.0
6942,-150.0
6943,-149.0
6944,-115.0
6945,-152.0
6946,-164.0
6947,-116.0
6948,-158.0
6949,-114.0
6950,-151.0
6951,-156.0
6952,-155.0
6953,-147.0
6954,-140.0
6955,-116.0
6956,-143.0
6957,-147.0
6958,-117.0
6959,-114.0
6960,-151.0
6961,-116.0
6962,-119.0
6963,-149.0
6964,-120.0
6965,-114.0
6966,-116.0
6967,-114.0
6968,-115.0
6969,-149.0
6970,-116.0
6971,-152.0
6972,-122.0
6973,-156.0
6974,-146.0
6975,-114.0
6976,-115.0
6977,-115.0
6978,-155.0
6979,-164.0
6980,-156.0
6981,-152.0
6982,-139.0
6983,-142.0
6984,-153.0
6985,-112.0
6986,-113.0
6987,-200.0
6988,-148.0
6989,-160.0
6990,-145.0
6991,-156.0
6992,-151.0
6993,-149.0
6994,-153.0
6995,-117.0
6996,-157.0
6997,-117.0
6998,-163.0
6999,-117.0
7000,-113.0
7001,-115.0
7002,-113.0
7003,-156.0
7004,-154.0
7005,-117.0
7006,-115.0
7007,-152.0
7008,-113.0
7009,-137.0
7010,-149.0
7011,-113.0
7012,-113.0
7013,-158.0
7014,-146.0
7015,-152.0
7016,-115.0
7017,-148.0
7018,-121.0
7019,-115.0
7020,-113.0
7021,-152.0
7022,-166.0
7023,-113.0
7024,-141.0
7025,-134.0
7026,-158.0
7027,-118.0
7028,-114.0
7029,-146.0
7030,-146.0
7031,-146.0
7032,-145.0
7033,-200.0
7034,-165.0
7035,-148.0
7036,-114.0
7037,-115.0
7038,-122.0
7039,-173.0
7040,-154.0
7041,-158.0
7042,-150.0
7043,-114.0
7044,-152.0
7045,-115.0
7046,-121.0
7047,-159.0
7048,-147.0
7049,-116.0
7050,-159.0
7051,-116.0
7052,-175.0
7053,-164.0
7054,-186.0
7055,-115.0
7056,-113.0
7057,-157.0
7058,-159.0
7059,-114.0
7060,-117.0
7061,-162.0
7062,-156.0
7063,-179.0
7064,-174.0
7065,-152.0
7066,-114.0
7067,-173.0
7068,-153.0
7069,-160.0
7070,-180.0
7071,-153.0
7072,-200.0
7073,-159.0
7074,-187.0
7075,-200.0
7076,-200.0
7077,-119.0
7078,-155.0
7079,-154.0
7080,-156.0
7081,-155.0
7082,-153.0
7083,-200.0
7084,-152.0
7085,-149.0
7086,-156.0
7087,-186.0
7088,-200.0
7089,-159.0
7090,-200.0
7091,-156.0
7092,-200.0
7093,-160.0
7094,-115.0
7095,-119.0
7096,-160.0
7097,-115.0
7098,-115.0
7099,-153.0
7100,-119.0
7101,-113.0
7102,-200.0
7103,-176.0
7104,-157.0
7105,-123.0
7106,-135.0
7107,-123.0
7108,-200.0
7109,-126.0
7110,-200.0
7111,-200.0
7112,-164.0
7113,-124.0
7114,-170.0
7115,-121.0
7116,-118.0
7117,-115.0
7118,-128.0
7119,-200.0
7120,-131.0
7121,-163.0
7122,-158.0
7123,-163.0
7124,-159.0
7125,-117.0
7126,-158.0
7127,-151.0
7128,-147.0
7129,-149.0
7130,-149.0
7131,-116.0
7132,-151.0
7133,-115.0
7134,-148.0
7135,-148.0
7136,-126.0
7137,-147.0
7138,-114.0
7139,-113.0
7140,-149.0
7141,-112.0
7142,-147.0
7143,-150.0
7144,-113.0
7145,-116.0
7146,-168.0
7147,-143.0
7148,-146.0
7149,-148.0
7150,-200.0
7151,-200.0
7152,-200.0
7153,-200.0
7154,-200.0
7155,-200.0
7156,-171.0
7157,-166.0
7158,-155.0
7159,-149.0
7160,-123.0
7161,-166.0
7162,-115.0
7163,-119.0
7164,-154.0
7165,-116.0
7166,-126.0
7167,-148.0
7168,-123.0
7169,-121.0
7170,-156.0
7171,-168.0
7172,-200.0
7173,-150.0
7174,-161.0
7175,-150.0
7176,-200.0
7177,-127.0
7178,-200.0
7179,-129.0
7180,-165.0
7181,-129.0
7182,-169.0
7183,-163.0
7184,-160.0
7185,-200.0
7186,-128.0
7187,-132.0
7188,-165.0
7189,-119.0
7190,-129.0
7191,-123.0
7192,-161.0
7193,-125.0
7194,-124.0
7195,-155.0
7196,-174.0
7197,-168.0
7198,-157.0
7199,-155.0
7200,-154.0
7201,-122.0
7202,-158.0
7203,-120.0
7204,-122.0
7205,-162.0
7206,-160.0
7207,-125.0
7208,-119.0
7209,-122.0
7210,-161.0
7211,-200.0
7212,-162.0
7213,-200.0
7214,-200.0
7215,-200.0
7216,-121.0
7217,-162.0
7218,-200.0
7219,-125.0
7220,-168.0
7221,-163.0
7222,-123.0
7223,-200.0
7224,-127.0
7225,-200.0
7226,-163.0
7227,-200.0
7228,-128.0
7229,-200.0
7230,-128.0
7231,-200.0
7232,-200.0
7233,-200.0
7234,-200.0
7235,-200.0
7236,-200.0
7237,-133.0
7238,-164.0
7239,-200.0
7240,-163.0
7241,-128.0
7242,-124.0
7243,-120.0
7244,-123.0
7245,-168.0
7246,-131.0
7247,-123.0
7248,-159.0
7249,-155.0
7250,-200.0
7251,-156.0
7252,-131.0
7253,-131.0
7254,-136.0
7255,-175.0
7256,-168.0
7257,-200.0
7258,-175.0
7259,-200.0
7260,-134.0
7261,-200.0
7262,-200.0
7263,-163.0
7264,-162.0
7265,-158.0
7266,-200.0
7267,-130.0
7268,-200.0
7269,-144.0
7270,-132.0
7271,-121.0
7272,-127.0
7273,-136.0
7274,-169.0
7275,-125.0
7276,-161.0
7277,-124.0
7278,-200.0
7279,-133.0
7280,-134.0
7281,-175.0
7282,-125.0
7283,-200.0
7284,-200.0
7285,-170.0
7286,-129.0
7287,-167.0
7288,-160.0
7289,-200.0
7290,-165.0
7291,-200.0
7292,-169.0
7293,-200.0
7294,-136.0
7295,-172.0
7296,-156.0
7297,-156.0
7298,-200.0
7299,-200.0
7300,-200.0
7301,-200.0
7302,-129.0
7303,-134.0
7304,-176.0
7305,-200.0
7306,-200.0
7307,-143.0
7308,-183.0
7309,-200.0
7310,-200.0
7311,-200.0
7312,-200.0
7313,-200.0
7314,-200.0
7315,-200.0
7316,-197.0
7317,-200.0
7318,-200.0
7319,-200.0
7320,-200.0
7321,-200.0
7322,-200.0
7323,-200.0
7324,-200.0
7325,-200.0
7326,-200.0
7327,-200.0
7328,-200.0
7329,-200.0
7330,-200.0
7331,-200.0
7332,-200.0
7333,-200.0
7334,-200.0
7335,-200.0
7336,-196.0
7337,-200.0
7338,-200.0
7339,-200.0
7340,-200.0
7341,-200.0
7342,-200.0
7343,-198.0
7344,-193.0
7345,-200.0
7346,-200.0
7347,-198.0
7348,-200.0
7349,-200.0
7350,-200.0
7351,-200.0
7352,-200.0
7353,-191.0
7354,-200.0
7355,-198.0
7356,-191.0
7357,-194.0
7358,-200.0
7359,-192.0
7360,-187.0
7361,-196.0
7362,-188.0
7363,-200.0
7364,-200.0
7365,-200.0
7366,-200.0
7367,-200.0
7368,-200.0
7369,-200.0
7370,-168.0
7371,-200.0
7372,-172.0
7373,-163.0
7374,-163.0
7375,-161.0
7376,-158.0
7377,-157.0
7378,-156.0
7379,-162.0
7380,-200.0
7381,-154.0
7382,-200.0
7383,-162.0
7384,-194.0
7385,-167.0
7386,-154.0
7387,-173.0
7388,-129.0
7389,-115.0
7390,-195.0
7391,-192.0
7392,-187.0
7393,-190.0
7394,-180.0
7395,-188.0
7396,-194.0
7397,-190.0
7398,-190.0
7399,-152.0
7400,-189.0
7401,-154.0
7402,-163.0
7403,-191.0
7404,-192.0
7405,-187.0
7406,-200.0
7407,-151.0
7408,-152.0
7409,-159.0
7410,-128.0
7411,-196.0
7412,-196.0
7413,-163.0
7414,-168.0
7415,-182.0
7416,-192.0
7417,-151.0
7418,-188.0
7419,-190.0
7420,-150.0
7421,-154.0
7422,-190.0
7423,-179.0
7424,-163.0
7425,-188.0
7426,-158.0
7427,-151.0
7428,-159.0
7429,-190.0
7430,-162.0
7431,-184.0
7432,-160.0
7433,-159.0
7434,-164.0
7435,-158.0
7436,-160.0
7437,-156.0
7438,-149.0
7439,-190.0
7440,-193.0
7441,-193.0
7442,-192.0
7443,-161.0
7444,-155.0
7445,-162.0
7446,-175.0
7447,-155.0
7448,-185.0
7449,-154.0
7450,-184.0
7451,-192.0
7452,-160.0
7453,-172.0
7454,-162.0
7455,-192.0
7456,-186.0
7457,-156.0
7458,-186.0
7459,-170.0
7460,-189.0
7461,-186.0
7462,-168.0
7463,-185.0
7464,-151.0
7465,-172.0
7466,-155.0
7467,-151.0
7468,-183.0
7469,-153.0
7470,-186.0
7471,-182.0
7472,-146.0
7473,-153.0
7474,-163.0
7475,-186.0
7476,-153.0
7477,-185.0
7478,-182.0
7479,-181.0
7480,-157.0
7481,-175.0
7482,-154.0
7483,-156.0
7484,-153.0
7485,-152.0
7486,-183.0
7487,-161.0
7488,-158.0
7489,-183.0
7490,-155.0
7491,-180.0
7492,-174.0
7493,-154.0
7494,-156.0
7495,-179.0
7496,-153.0
7497,-181.0
7498,-157.0
7499,-154.0
7500,-154.0
7501,-166.0
7502,-176.0
7503,-153.0
7504,-164.0
7505,-178.0
7506,-167.0
7507,-174.0
7508,-153.0
7509,-156.0
7510,-167.0
7511,-169.0
7512,-157.0
7513,-155.0
7514,-157.0
7515,-169.0
7516,-179.0
7517,-178.0
7518,-173.0
7519,-152.0
7520,-169.0
7521,-170.0
7522,-177.0
7523,-170.0
7524,-175.0
7525,-173.0
7526,-170.0
7527,-180.0
7528,-176.0
7529,-153.0
7530,-172.0
7531,-166.0
7532,-164.0
7533,-154.0
7534,-179.0
7535,-155.0
7536,-153.0
7537,-172.0
7538,-146.0
7539,-169.0
7540,-177.0
7541,-177.0
7542,-171.0
7543,-172.0
7544,-171.0
7545,-169.0
7546,-149.0
7547,-165.0
7548,-155.0
7549,-173.0
7550,-154.0
7551,-163.0
7552,-168.0
7553,-152.0
7554,-150.0
7555,-155.0
7556,-154.0
7557,-178.0
7558,-176.0
7559,-171.0
7560,-179.0
7561,-154.0
7562,-153.0
7563,-164.0
7564,-175.0
7565,-169.0
7566,-153.0
7567,-181.0
7568,-176.0
7569,-169.0
7570,-155.0
7571,-172.0
7572,-154.0
7573,-151.0
7574,-165.0
7575,-170.0
7576,-151.0
7577,-177.0
7578,-160.0
7579,-151.0
7580,-153.0
7581,-176.0
7582,-152.0
7583,-154.0
7584,-173.0
7585,-154.0
7586,-167.0
7587,-172.0
7588,-166.0
7589,-150.0
7590,-159.0
7591,-175.0
7592,-157.0
7593,-175.0
7594,-170.0
7595,-178.0
7596,-155.0
7597,-157.0
7598,-154.0
7599,-146.0
7600,-175.0
7601,-167.0
7602,-164.0
7603,-172.0
7604,-157.0
7605,-154.0
7606,-156.0
7607,-178.0
7608,-161.0
7609,-159.0
7610,-157.0
7611,-161.0
7612,-154.0
7613,-164.0
7614,-158.0
7615,-169.0
7616,-155.0
7617,-153.0
7618,-163.0
7619,-180.0
7620,-156.0
7621,-178.0
7622,-160.0
7623,-159.0
7624,-154.0
7625,-179.0
7626,-158.0
7627,-154.0
7628,-176.0
7629,-167.0
7630,-170.0
7631,-157.0
7632,-171.0
7633,-174.0
7634,-184.0
7635,-184.0
7636,-182.0
7637,-157.0
7638,-171.0
7639,-156.0
7640,-158.0
7641,-169.0
7642,-181.0
7643,-159.0
7644,-200.0
7645,-145.0
7646,-145.0
7647,-152.0
7648,-153.0
7649,-200.0
7650,-149.0
7651,-157.0
7652,-153.0
7653,-156.0
7654,-148.0
7655,-150.0
7656,-145.0
7657,-148.0
7658,-166.0
7659,-157.0
7660,-149.0
7661,-154.0
7662,-158.0
7663,-143.0
7664,-200.0
7665,-200.0
7666,-200.0
7667,-197.0
7668,-159.0
7669,-147.0
7670,-165.0
7671,-160.0
7672,-158.0
7673,-182.0
7674,-186.0
7675,-163.0
7676,-162.0
7677,-148.0
7678,-155.0
7679,-200.0
7680,-163.0
7681,-200.0
7682,-195.0
7683,-173.0
7684,-158.0
7685,-192.0
7686,-159.0
7687,-186.0
7688,-150.0
7689,-188.0
7690,-198.0
7691,-174.0
7692,-157.0
7693,-175.0
7694,-184.0
7695,-200.0
7696,-176.0
7697,-200.0
7698,-159.0
7699,-179.0
7700,-196.0
7701,-198.0
7702,-158.0
7703,-200.0
7704,-200.0
7705,-193.0
7706,-195.0
7707,-191.0
7708,-200.0
7709,-191.0
7710,-136.0
7711,-195.0
7712,-164.0
7713,-192.0
7714,-193.0
7715,-157.0
7716,-194.0
7717,-155.0
7718,-189.0
7719,-157.0
7720,-198.0
7721,-153.0
7722,-152.0
7723,-200.0
7724,-189.0
7725,-193.0
7726,-187.0
7727,-169.0
7728,-154.0
7729,-146.0
7730,-200.0
7731,-154.0
7732,-153.0
7733,-189.0
7734,-191.0
7735,-200.0
7736,-196.0
7737,-121.0
7738,-187.0
7739,-198.0
7740,-191.0
7741,-177.0
7742,-200.0
7743,-134.0
7744,-135.0
7745,-200.0
7746,-177.0
7747,-200.0
7748,-132.0
7749,-184.0
7750,-120.0
7751,-115.0
7752,-186.0
7753,-115.0
7754,-118.0
7755,-117.0
7756,-196.0
7757,-118.0
7758,-177.0
7759,-117.0
7760,-193.0
7761,-125.0
7762,-182.0
7763,-190.0
7764,-139.0
7765,-133.0
7766,-200.0
7767,-185.0
7768,-175.0
7769,-172.0
7770,-188.0
7771,-177.0
7772,-135.0
7773,-142.0
7774,-199.0
7775,-172.0
7776,-184.0
7777,-193.0
7778,-200.0
7779,-194.0
7780,-125.0
7781,-182.0
7782,-137.0
7783,-127.0
7784,-179.0
7785,-192.0
7786,-178.0
7787,-185.0
7788,-194.0
7789,-140.0
7790,-179.0
7791,-199.0
7792,-199.0
7793,-192.0
7794,-179.0
7795,-196.0
7796,-192.0
7797,-193.0
7798,-185.0
7799,-138.0
7800,-163.0
7801,-200.0
7802,-185.0
7803,-185.0
7804,-186.0
7805,-177.0
7806,-188.0
7807,-189.0
7808,-182.0
7809,-174.0
7810,-185.0
7811,-176.0
7812,-191.0
7813,-183.0
7814,-187.0
7815,-185.0
7816,-177.0
7817,-184.0
7818,-191.0
7819,-192.0
7820,-192.0
7821,-184.0
7822,-196.0
7823,-180.0
7824,-195.0
7825,-179.0
7826,-187.0
7827,-185.0
7828,-181.0
7829,-190.0
7830,-197.0
7831,-158.0
7832,-188.0
7833,-166.0
7834,-200.0
7835,-187.0
7836,-156.0
7837,-200.0
7838,-179.0
7839,-169.0
7840,-197.0
7841,-189.0
7842,-161.0
7843,-190.0
7844,-199.0
7845,-194.0
7846,-164.0
7847,-166.0
7848,-200.0
7849,-200.0
7850,-160.0
7851,-159.0
7852,-200.0
7853,-200.0
7854,-200.0
7855,-200.0
7856,-161.0
7857,-200.0
7858,-200.0
7859,-164.0
7860,-177.0
7861,-200.0
7862,-164.0
7863,-200.0
7864,-197.0
7865,-192.0
7866,-200.0
7867,-200.0
7868,-200.0
7869,-200.0
7870,-188.0
7871,-200.0
7872,-200.0
7873,-193.0
7874,-162.0
7875,-200.0
7876,-162.0
7877,-197.0
7878,-161.0
7879,-199.0
7880,-199.0
7881,-195.0
7882,-200.0
7883,-194.0
7884,-200.0
7885,-200.0
7886,-200.0
7887,-167.0
7888,-166.0
7889,-161.0
7890,-169.0
7891,-167.0
7892,-200.0
7893,-168.0
7894,-193.0
7895,-162.0
7896,-200.0
7897,-165.0
7898,-200.0
7899,-165.0
7900,-183.0
7901,-153.0
7902,-176.0
7903,-165.0
7904,-164.0
7905,-200.0
7906,-164.0
7907,-168.0
7908,-164.0
7909,-200.0
7910,-164.0
7911,-200.0
7912,-200.0
7913,-200.0
7914,-165.0
7915,-172.0
7916,-161.0
7917,-194.0
7918,-167.0
7919,-163.0
7920,-200.0
7921,-198.0
7922,-176.0
7923,-163.0
7924,-159.0
7925,-200.0
7926,-200.0
7927,-199.0
7928,-200.0
7929,-199.0
7930,-163.0
7931,-171.0
7932,-166.0
7933,-196.0
7934,-198.0
7935,-164.0
7936,-199.0
7937,-169.0
7938,-200.0
7939,-199.0
7940,-169.0
7941,-166.0
7942,-200.0
7943,-197.0
7944,-169.0
7945,-161.0
7946,-162.0
7947,-199.0
7948,-161.0
7949,-191.0
7950,-193.0
7951,-160.0
7952,-163.0
7953,-195.0
7954,-171.0
7955,-158.0
7956,-195.0
7957,-163.0
7958,-191.0
7959,-194.0
7960,-190.0
7961,-194.0
7962,-160.0
7963,-192.0
7964,-194.0
7965,-156.0
7966,-160.0
7967,-191.0
7968,-165.0
7969,-198.0
7970,-164.0
7971,-196.0
7972,-197.0
7973,-200.0
7974,-192.0
7975,-185.0
7976,-161.0
7977,-160.0
7978,-173.0
7979,-185.0
7980,-185.0
7981,-190.0
7982,-160.0
7983,-181.0
7984,-195.0
7985,-173.0
7986,-158.0
7987,-151.0
7988,-159.0
7989,-158.0
7990,-162.0
7991,-200.0
7992,-160.0
7993,-176.0
7994,-182.0
7995,-166.0
7996,-163.0
7997,-179.0
7998,-189.0
7999,-200.0
8000,-157.0
8001,-186.0
8002,-177.0
8003,-169.0
8004,-159.0
8005,-160.0
8006,-200.0
8007,-193.0
8008,-200.0
8009,-200.0
8010,-158.0
8011,-186.0
8012,-200.0
8013,-192.0
8014,-177.0
8015,-185.0
8016,-157.0
8017,-166.0
8018,-168.0
8019,-200.0
8020,-200.0
8021,-200.0
8022,-181.0
8023,-160.0
8024,-200.0
8025,-200.0
8026,-195.0
8027,-200.0
8028,-176.0
8029,-200.0
8030,-182.0
8031,-172.0
8032,-200.0
8033,-200.0
8034,-198.0
8035,-200.0
8036,-200.0
8037,-200.0
8038,-180.0
8039,-200.0
8040,-175.0
8041,-170.0
8042,-177.0
8043,-200.0
8044,-200.0
8045,-155.0
8046,-154.0
8047,-200.0
8048,-191.0
8049,-200.0
8050,-200.0
8051,-200.0
8052,-200.0
8053,-177.0
8054,-191.0
8055,-171.0
8056,-180.0
8057,-177.0
8058,-200.0
8059,-157.0
8060,-158.0
8061,-193.0
8062,-161.0
8063,-170.0
8064,-167.0
8065,-196.0
8066,-164.0
8067,-187.0
8068,-198.0
8069,-200.0
8070,-197.0
8071,-200.0
8072,-154.0
8073,-200.0
8074,-200.0
8075,-200.0
8076,-200.0
8077,-200.0
8078,-200.0
8079,-200.0
8080,-200.0
8081,-200.0
8082,-200.0
8083,-200.0
8084,-200.0
8085,-200.0
8086,-183.0
8087,-200.0
8088,-200.0
8089,-200.0
8090,-200.0
8091,-190.0
8092,-200.0
8093,-200.0
8094,-200.0
8095,-160.0
8096,-169.0
8097,-200.0
8098,-175.0
8099,-163.0
8100,-196.0
8101,-200.0
8102,-200.0
8103,-200.0
8104,-200.0
8105,-185.0
8106,-200.0
8107,-179.0
8108,-200.0
8109,-200.0
8110,-200.0
8111,-166.0
8112,-200.0
8113,-182.0
8114,-195.0
8115,-200.0
8116,-174.0
8117,-196.0
8118,-200.0
8119,-195.0
8120,-200.0
8121,-200.0
8122,-200.0
8123,-200.0
8124,-178.0
8125,-200.0
8126,-191.0
8127,-197.0
8128,-190.0
8129,-185.0
8130,-200.0
8131,-200.0
8132,-200.0
8133,-180.0
8134,-173.0
8135,-200.0
8136,-200.0
8137,-168.0
8138,-192.0
8139,-200.0
8140,-195.0
8141,-200.0
8142,-168.0
8143,-200.0
8144,-170.0
8145,-200.0
8146,-196.0
8147,-200.0
8148,-200.0
8149,-200.0
8150,-191.0
8151,-184.0
8152,-174.0
8153,-177.0
8154,-177.0
8155,-181.0
8156,-176.0
8157,-179.0
8158,-165.0
8159,-162.0
8160,-189.0
8161,-172.0
8162,-170.0
8163,-176.0
8164,-174.0
8165,-191.0
8166,-160.0
8167,-159.0
8168,-169.0
8169,-162.0
8170,-170.0
8171,-157.0
8172,-160.0
8173,-174.0
8174,-162.0
8175,-173.0
8176,-180.0
8177,-186.0
8178,-158.0
8179,-193.0
8180,-172.0
8181,-171.0
8182,-195.0
8183,-157.0
8184,-178.0
8185,-163.0
8186,-159.0
8187,-153.0
8188,-200.0
8189,-200.0
8190,-150.0
8191,-152.0
8192,-160.0
8193,-155.0
8194,-156.0
8195,-157.0
8196,-150.0
8197,-156.0
8198,-200.0
8199,-200.0
8200,-174.0
8201,-158.0
8202,-181.0
8203,-171.0
8204,-180.0
8205,-155.0
8206,-200.0
8207,-200.0
8208,-175.0
8209,-153.0
8210,-178.0
8211,-153.0
8212,-176.0
8213,-200.0
8214,-179.0
8215,-168.0
8216,-155.0
8217,-182.0
8218,-200.0
8219,-154.0
8220,-170.0
8221,-153.0
8222,-171.0
8223,-153.0
8224,-151.0
8225,-156.0
8226,-171.0
8227,-173.0
8228,-148.0
8229,-154.0
8230,-180.0
8231,-179.0
8232,-170.0
8233,-157.0
8234,-154.0
8235,-165.0
8236,-160.0
8237,-184.0
8238,-155.0
8239,-163.0
8240,-153.0
8241,-179.0
8242,-178.0
8243,-183.0
8244,-181.0
8245,-156.0
8246,-168.0
8247,-155.0
8248,-167.0
8249,-158.0
8250,-153.0
8251,-175.0
8252,-157.0
8253,-182.0
8254,-154.0
8255,-172.0
8256,-181.0
8257,-172.0
8258,-155.0
8259,-142.0
8260,-158.0
8261,-169.0
8262,-166.0
8263,-153.0
8264,-171.0
8265,-166.0
8266,-166.0
8267,-190.0
8268,-173.0
8269,-151.0
8270,-164.0
8271,-153.0
8272,-154.0
8273,-177.0
8274,-143.0
8275,-153.0
8276,-168.0
8277,-158.0
8278,-170.0
8279,-150.0
8280,-151.0
8281,-163.0
8282,-155.0
8283,-148.0
8284,-150.0
8285,-146.0
8286,-165.0
8287,-144.0
8288,-148.0
8289,-166.0
8290,-167.0
8291,-167.0
8292,-160.0
8293,-145.0
8294,-144.0
8295,-188.0
8296,-161.0
8297,-168.0
8298,-184.0
8299,-149.0
8300,-146.0
8301,-163.0
8302,-158.0
8303,-185.0
8304,-159.0
8305,-164.0
8306,-151.0
8307,-164.0
8308,-153.0
8309,-148.0
8310,-145.0
8311,-145.0
8312,-161.0
8313,-149.0
8314,-154.0
8315,-164.0
8316,-146.0
8317,-159.0
8318,-167.0
8319,-150.0
8320,-156.0
8321,-144.0
8322,-143.0
8323,-146.0
8324,-168.0
8325,-154.0
8326,-160.0
8327,-148.0
8328,-186.0
8329,-165.0
8330,-187.0
8331,-183.0
8332,-146.0
8333,-162.0
8334,-166.0
8335,-162.0
8336,-168.0
8337,-148.0
8338,-161.0
8339,-158.0
8340,-148.0
8341,-162.0
8342,-156.0
8343,-167.0
8344,-147.0
8345,-158.0
8346,-161.0
8347,-149.0
8348,-165.0
8349,-160.0
8350,-147.0
8351,-176.0
8352,-151.0
8353,-164.0
8354,-161.0
8355,-166.0
8356,-147.0
8357,-150.0
8358,-146.0
8359,-165.0
8360,-141.0
8361,-169.0
8362,-155.0
8363,-150.0
8364,-189.0
8365,-144.0
8366,-154.0
8367,-151.0
8368,-169.0
8369,-144.0
8370,-172.0
8371,-162.0
8372,-154.0
8373,-154.0
8374,-130.0
8375,-167.0
8376,-160.0
8377,-152.0
8378,-153.0
8379,-168.0
8380,-162.0
8381,-151.0
8382,-152.0
8383,-172.0
8384,-151.0
8385,-153.0
8386,-151.0
8387,-136.0
8388,-152.0
8389,-136.0
8390,-151.0
8391,-152.0
8392,-152.0
8393,-165.0
8394,-133.0
8395,-156.0
8396,-172.0
8397,-157.0
8398,-156.0
8399,-156.0
8400,-152.0
8401,-170.0
8402,-131.0
8403,-173.0
8404,-174.0
8405,-152.0
8406,-148.0
8407,-172.0
8408,-136.0
8409,-147.0
8410,-170.0
8411,-170.0
8412,-157.0
8413,-153.0
8414,-157.0
8415,-166.0
8416,-183.0
8417,-166.0
8418,-162.0
8419,-174.0
8420,-155.0
8421,-200.0
8422,-142.0
8423,-137.0
8424,-199.0
8425,-157.0
8426,-199.0
8427,-133.0
8428,-139.0
8429,-133.0
8430,-156.0
8431,-128.0
8432,-152.0
8433,-153.0
8434,-200.0
8435,-132.0
8436,-146.0
8437,-145.0
8438,-191.0
8439,-153.0
8440,-153.0
8441,-156.0
8442,-136.0
8443,-135.0
8444,-151.0
8445,-151.0
8446,-200.0
8447,-149.0
8448,-200.0
8449,-154.0
8450,-155.0
8451,-158.0
8452,-198.0
8453,-136.0
8454,-163.0
8455,-189.0
8456,-155.0
8457,-150.0
8458,-150.0
8459,-151.0
8460,-152.0
8461,-129.0
8462,-137.0
8463,-164.0
8464,-155.0
8465,-154.0
8466,-131.0
8467,-171.0
8468,-157.0
8469,-171.0
8470,-132.0
8471,-185.0
8472,-149.0
8473,-149.0
8474,-130.0
8475,-154.0
8476,-157.0
8477,-132.0
8478,-181.0
8479,-185.0
8480,-200.0
8481,-149.0
8482,-197.0
8483,-151.0
8484,-183.0
8485,-147.0
8486,-160.0
8487,-154.0
8488,-169.0
8489,-169.0
8490,-151.0
8491,-131.0
8492,-134.0
8493,-146.0
8494,-191.0
8495,-123.0
8496,-151.0
8497,-160.0
8498,-155.0
8499,-177.0
8500,-167.0
8501,-131.0
8502,-200.0
8503,-168.0
8504,-161.0
8505,-127.0
8506,-129.0
8507,-172.0
8508,-197.0
8509,-177.0
8510,-200.0
8511,-169.0
8512,-166.0
8513,-133.0
8514,-154.0
8515,-172.0
8516,-166.0
8517,-200.0
8518,-200.0
8519,-131.0
8520,-183.0
8521,-161.0
8522,-171.0
8523,-165.0
8524,-200.0
8525,-163.0
8526,-181.0
8527,-152.0
8528,-200.0
8529,-200.0
8530,-200.0
8531,-200.0
8532,-173.0
8533,-152.0
8534,-200.0
8535,-168.0
8536,-200.0
8537,-192.0
8538,-152.0
8539,-132.0
8540,-174.0
8541,-174.0
8542,-167.0
8543,-191.0
8544,-153.0
8545,-200.0
8546,-200.0
8547,-150.0
8548,-200.0
8549,-194.0
8550,-200.0
8551,-200.0
8552,-188.0
8553,-194.0
8554,-200.0
8555,-166.0
8556,-166.0
8557,-150.0
8558,-200.0
8559,-200.0
8560,-200.0
8561,-198.0
8562,-200.0
8563,-157.0
8564,-149.0
8565,-200.0
8566,-200.0
8567,-157.0
8568,-196.0
8569,-188.0
8570,-184.0
8571,-184.0
8572,-193.0
8573,-200.0
8574,-188.0
8575,-200.0
8576,-200.0
8577,-160.0
8578,-193.0
8579,-168.0
8580,-128.0
8581,-200.0
8582,-178.0
8583,-200.0
8584,-172.0
8585,-165.0
8586,-189.0
8587,-199.0
8588,-190.0
8589,-146.0
8590,-153.0
8591,-200.0
8592,-157.0
8593,-193.0
8594,-156.0
8595,-153.0
8596,-195.0
8597,-193.0
8598,-200.0
8599,-154.0
8600,-152.0
8601,-195.0
8602,-154.0
8603,-157.0
8604,-153.0
8605,-196.0
8606,-146.0
8607,-200.0
8608,-163.0
8609,-198.0
8610,-157.0
8611,-199.0
8612,-173.0
8613,-171.0
8614,-158.0
8615,-163.0
8616,-171.0
8617,-200.0
8618,-154.0
8619,-198.0
8620,-200.0
8621,-160.0
8622,-151.0
8623,-162.0
8624,-158.0
8625,-200.0
8626,-149.0
8627,-153.0
8628,-149.0
8629,-199.0
8630,-149.0
8631,-200.0
8632,-152.0
8633,-196.0
8634,-152.0
8635,-200.0
8636,-198.0
8637,-123.0
8638,-157.0
8639,-155.0
8640,-150.0
8641,-151.0
8642,-149.0
8643,-191.0
8644,-184.0
8645,-150.0
8646,-200.0
8647,-146.0
8648,-148.0
8649,-163.0
8650,-150.0
8651,-191.0
8652,-151.0
8653,-151.0
8654,-151.0
8655,-150.0
8656,-162.0
8657,-151.0
8658,-150.0
8659,-162.0
8660,-150.0
8661,-194.0
8662,-148.0
8663,-148.0
8664,-186.0
8665,-193.0
8666,-148.0
8667,-200.0
8668,-200.0
8669,-190.0
8670,-156.0
8671,-180.0
8672,-159.0
8673,-147.0
8674,-150.0
8675,-149.0
8676,-183.0
8677,-190.0
8678,-148.0
8679,-148.0
8680,-159.0
8681,-196.0
8682,-149.0
8683,-148.0
8684,-182.0
8685,-161.0
8686,-149.0
8687,-149.0
8688,-151.0
8689,-147.0
8690,-160.0
8691,-148.0
8692,-199.0
8693,-154.0
8694,-200.0
8695,-150.0
8696,-189.0
8697,-200.0
8698,-148.0
8699,-200.0
8700,-162.0
8701,-146.0
8702,-200.0
8703,-148.0
8704,-158.0
8705,-200.0
8706,-148.0
8707,-196.0
8708,-200.0
8709,-130.0
8710,-148.0
8711,-127.0
8712,-157.0
8713,-200.0
8714,-182.0
8715,-147.0
8716,-182.0
8717,-150.0
8718,-183.0
8719,-185.0
8720,-186.0
8721,-148.0
8722,-148.0
8723,-154.0
8724,-148.0
8725,-146.0
8726,-135.0
8727,-136.0
8728,-161.0
8729,-197.0
8730,-148.0
8731,-148.0
8732,-147.0
8733,-181.0
8734,-190.0
8735,-178.0
8736,-179.0
8737,-154.0
8738,-186.0
8739,-177.0
8740,-181.0
8741,-185.0
8742,-179.0
8743,-155.0
8744,-160.0
8745,-176.0
8746,-197.0
8747,-143.0
8748,-181.0
8749,-177.0
8750,-181.0
8751,-152.0
8752,-155.0
8753,-181.0
8754,-148.0
8755,-174.0
8756,-149.0
8757,-150.0
8758,-150.0
8759,-178.0
8760,-183.0
8761,-174.0
8762,-161.0
8763,-157.0
8764,-147.0
8765,-175.0
8766,-188.0
8767,-148.0
8768,-149.0
8769,-179.0
8770,-144.0
8771,-155.0
8772,-179.0
8773,-178.0
8774,-148.0
8775,-161.0
8776,-155.0
8777,-182.0
8778,-178.0
8779,-200.0
8780,-149.0
8781,-149.0
8782,-148.0
8783,-162.0
8784,-148.0
8785,-150.0
8786,-184.0
8787,-183.0
8788,-150.0
8789,-177.0
8790,-183.0
8791,-197.0
8792,-153.0
8793,-185.0
8794,-147.0
8795,-147.0
8796,-148.0
8797,-179.0
8798,-181.0
8799,-149.0
8800,-180.0
8801,-148.0
8802,-147.0
8803,-156.0
8804,-156.0
8805,-181.0
8806,-148.0
8807,-151.0
8808,-157.0
8809,-182.0
8810,-187.0
8811,-158.0
8812,-186.0
8813,-172.0
8814,-180.0
8815,-149.0
8816,-181.0
8817,-149.0
8818,-175.0
8819,-200.0
8820,-162.0
8821,-195.0
8822,-148.0
8823,-187.0
8824,-186.0
8825,-148.0
8826,-194.0
8827,-193.0
8828,-179.0
8829,-149.0
8830,-149.0
8831,-153.0
8832,-199.0
8833,-159.0
8834,-148.0
8835,-160.0
8836,-187.0
8837,-184.0
8838,-149.0
8839,-198.0
8840,-149.0
8841,-158.0
8842,-193.0
8843,-149.0
8844,-149.0
8845,-158.0
8846,-152.0
8847,-151.0
8848,-187.0
8849,-194.0
8850,-154.0
8851,-150.0
8852,-174.0
8853,-180.0
8854,-175.0
8855,-150.0
8856,-151.0
8857,-151.0
8858,-198.0
8859,-149.0
8860,-150.0
8861,-186.0
8862,-177.0
8863,-179.0
8864,-153.0
8865,-189.0
8866,-191.0
8867,-188.0
8868,-150.0
8869,-160.0
8870,-151.0
8871,-190.0
8872,-149.0
8873,-192.0
8874,-184.0
8875,-189.0
8876,-168.0
8877,-156.0
8878,-194.0
8879,-175.0
8880,-177.0
8881,-189.0
8882,-153.0
8883,-158.0
8884,-182.0
8885,-184.0
8886,-199.0
8887,-162.0
8888,-196.0
8889,-154.0
8890,-151.0
8891,-200.0
8892,-200.0
8893,-148.0
8894,-158.0
8895,-150.0
8896,-152.0
8897,-200.0
8898,-195.0
8899,-198.0
8900,-123.0
8901,-198.0
8902,-151.0
8903,-154.0
8904,-191.0
8905,-200.0
8906,-148.0
8907,-200.0
8908,-154.0
8909,-163.0
8910,-197.0
8911,-160.0
8912,-191.0
8913,-152.0
8914,-162.0
8915,-166.0
8916,-126.0
8917,-118.0
8918,-125.0
8919,-200.0
8920,-151.0
8921,-149.0
8922,-150.0
8923,-149.0
8924,-159.0
8925,-149.0
8926,-125.0
8927,-155.0
8928,-156.0
8929,-132.0
8930,-124.0
8931,-123.0
8932,-154.0
8933,-200.0
8934,-161.0
8935,-152.0
8936,-153.0
8937,-159.0
8938,-155.0
8939,-194.0
8940,-149.0
8941,-191.0
8942,-149.0
8943,-193.0
8944,-200.0
8945,-193.0
8946,-165.0
8947,-196.0
8948,-153.0
8949,-188.0
8950,-189.0
8951,-148.0
8952,-153.0
8953,-158.0
8954,-149.0
8955,-148.0
8956,-157.0
8957,-156.0
8958,-151.0
8959,-193.0
8960,-193.0
8961,-197.0
8962,-161.0
8963,-192.0
8964,-149.0
8965,-162.0
8966,-153.0
8967,-192.0
8968,-182.0
8969,-148.0
8970,-189.0
8971,-161.0
8972,-200.0
8973,-149.0
8974,-194.0
8975,-138.0
8976,-152.0
8977,-149.0
8978,-194.0
8979,-191.0
8980,-150.0
8981,-154.0
8982,-194.0
8983,-191.0
8984,-150.0
8985,-159.0
8986,-149.0
8987,-188.0
8988,-150.0
8989,-153.0
8990,-155.0
8991,-193.0
8992,-192.0
8993,-190.0
8994,-149.0
8995,-181.0
8996,-182.0
8997,-152.0
8998,-153.0
8999,-185.0
9000,-187.0
9001,-150.0
9002,-153.0
9003,-190.0
9004,-187.0
9005,-189.0
9006,-162.0
9007,-190.0
9008,-186.0
9009,-160.0
9010,-163.0
9011,-179.0
9012,-186.0
9013,-152.0
9014,-184.0
9015,-181.0
9016,-158.0
9017,-149.0
9018,-149.0
9019,-151.0
9020,-183.0
9021,-187.0
9022,-151.0
9023,-188.0
9024,-162.0
9025,-188.0
9026,-153.0
9027,-190.0
9028,-148.0
9029,-162.0
9030,-191.0
9031,-152.0
9032,-185.0
9033,-187.0
9034,-184.0
9035,-191.0
9036,-159.0
9037,-174.0
9038,-148.0
9039,-185.0
9040,-154.0
9041,-158.0
9042,-164.0
9043,-150.0
9044,-156.0
9045,-164.0
9046,-191.0
9047,-147.0
9048,-175.0
9049,-187.0
9050,-155.0
9051,-191.0
9052,-183.0
9053,-158.0
9054,-154.0
9055,-179.0
9056,-179.0
9057,-187.0
9058,-156.0
9059,-147.0
9060,-171.0
9061,-148.0
9062,-151.0
9063,-154.0
9064,-177.0
9065,-185.0
9066,-183.0
9067,-147.0
9068,-157.0
9069,-149.0
9070,-159.0
9071,-171.0
9072,-181.0
9073,-149.0
9074,-149.0
9075,-146.0
9076,-149.0
9077,-179.0
9078,-147.0
9079,-141.0
9080,-148.0
9081,-159.0
9082,-156.0
9083,-156.0
9084,-142.0
9085,-151.0
9086,-142.0
9087,-174.0
9088,-147.0
9089,-148.0
9090,-186.0
9091,-178.0
9092,-184.0
9093,-148.0
9094,-175.0
9095,-180.0
9096,-150.0
9097,-148.0
9098,-182.0
9099,-148.0
9100,-146.0
9101,-142.0
9102,-147.0
9103,-140.0
9104,-153.0
9105,-178.0
9106,-148.0
9107,-183.0
9108,-161.0
9109,-162.0
9110,-152.0
9111,-149.0
9112,-179.0
9113,-181.0
9114,-180.0
9115,-186.0
9116,-176.0
9117,-149.0
9118,-146.0
9119,-160.0
9120,-159.0
9121,-182.0
9122,-162.0
9123,-148.0
9124,-177.0
9125,-141.0
9126,-142.0
9127,-179.0
9128,-181.0
9129,-143.0
9130,-178.0
9131,-142.0
9132,-141.0
9133,-159.0
9134,-157.0
9135,-142.0
9136,-148.0
9137,-181.0
9138,-141.0
9139,-150.0
9140,-143.0
9141,-172.0
9142,-177.0
9143,-142.0
9144,-180.0
9145,-145.0
9146,-180.0
9147,-142.0
9148,-147.0
9149,-182.0
9150,-144.0
9151,-146.0
9152,-148.0
9153,-151.0
9154,-181.0
9155,-184.0
9156,-144.0
9157,-158.0
9158,-142.0
9159,-185.0
9160,-154.0
9161,-150.0
9162,-142.0
9163,-144.0
9164,-144.0
9165,-197.0
9166,-187.0
9167,-142.0
9168,-143.0
9169,-200.0
9170,-194.0
9171,-155.0
9172,-158.0
9173,-184.0
9174,-172.0
9175,-165.0
9176,-200.0
9177,-200.0
9178,-141.0
9179,-147.0
9180,-155.0
9181,-151.0
9182,-141.0
9183,-149.0
9184,-146.0
9185,-148.0
9186,-149.0
9187,-152.0
9188,-150.0
9189,-150.0
9190,-159.0
9191,-145.0
9192,-143.0
9193,-145.0
9194,-146.0
9195,-150.0
9196,-148.0
9197,-149.0
9198,-146.0
9199,-143.0
9200,-151.0
9201,-156.0
9202,-142.0
9203,-146.0
9204,-200.0
9205,-142.0
9206,-149.0
9207,-147.0
9208,-159.0
9209,-163.0
9210,-160.0
9211,-152.0
9212,-147.0
9213,-148.0
9214,-149.0
9215,-156.0
9216,-148.0
9217,-156.0
9218,-156.0
9219,-156.0
9220,-152.0
9221,-154.0
9222,-149.0
9223,-149.0
9224,-173.0
9225,-155.0
9226,-155.0
9227,-152.0
9228,-149.0
9229,-150.0
9230,-152.0
9231,-155.0
9232,-159.0
9233,-153.0
9234,-200.0
9235,-144.0
9236,-145.0
9237,-148.0
9238,-150.0
9239,-155.0
9240,-151.0
9241,-154.0
9242,-200.0
9243,-152.0
9244,-154.0
9245,-163.0
9246,-152.0
9247,-156.0
9248,-155.0
9249,-147.0
9250,-152.0
9251,-152.0
9252,-159.0
9253,-182.0
9254,-157.0
9255,-200.0
9256,-127.0
9257,-118.0
9258,-156.0
9259,-157.0
9260,-121.0
9261,-151.0
9262,-168.0
9263,-126.0
9264,-164.0
9265,-125.0
9266,-123.0
9267,-131.0
9268,-126.0
9269,-156.0
9270,-126.0
9271,-149.0
9272,-123.0
9273,-121.0
9274,-163.0
9275,-156.0
9276,-160.0
9277,-163.0
9278,-181.0
9279,-188.0
9280,-159.0
9281,-159.0
9282,-121.0
9283,-154.0
9284,-163.0
9285,-124.0
9286,-157.0
9287,-163.0
9288,-169.0
9289,-156.0
9290,-121.0
9291,-124.0
9292,-120.0
9293,-120.0
9294,-163.0
9295,-120.0
9296,-170.0
9297,-178.0
9298,-166.0
9299,-166.0
9300,-125.0
9301,-122.0
9302,-124.0
9303,-124.0
9304,-121.0
9305,-120.0
9306,-180.0
9307,-155.0
9308,-119.0
9309,-119.0
9310,-165.0
9311,-160.0
9312,-120.0
9313,-166.0
9314,-169.0
9315,-156.0
9316,-121.0
9317,-117.0
9318,-158.0
9319,-121.0
9320,-161.0
9321,-119.0
9322,-155.0
9323,-122.0
9324,-163.0
9325,-171.0
9326,-162.0
9327,-120.0
9328,-168.0
9329,-159.0
9330,-120.0
9331,-155.0
9332,-154.0
9333,-173.0
9334,-158.0
9335,-119.0
9336,-119.0
9337,-156.0
9338,-148.0
9339,-124.0
9340,-158.0
9341,-169.0
9342,-119.0
9343,-114.0
9344,-166.0
9345,-149.0
9346,-151.0
9347,-118.0
9348,-111.0
9349,-147.0
9350,-146.0
9351,-145.0
9352,-112.0
9353,-112.0
9354,-113.0
9355,-144.0
9356,-146.0
9357,-146.0
9358,-144.0
9359,-115.0
9360,-144.0
9361,-153.0
9362,-118.0
9363,-114.0
9364,-159.0
9365,-157.0
9366,-163.0
9367,-153.0
9368,-160.0
9369,-155.0
9370,-153.0
9371,-190.0
9372,-151.0
9373,-157.0
9374,-159.0
9375,-156.0
9376,-156.0
9377,-184.0
9378,-190.0
9379,-154.0
9380,-154.0
9381,-157.0
9382,-150.0
9383,-152.0
9384,-145.0
9385,-151.0
9386,-150.0
9387,-152.0
9388,-150.0
9389,-145.0
9390,-150.0
9391,-152.0
9392,-149.0
9393,-146.0
9394,-151.0
9395,-152.0
9396,-151.0
9397,-151.0
9398,-154.0
9399,-148.0
9400,-148.0
9401,-153.0
9402,-149.0
9403,-150.0
9404,-153.0
9405,-146.0
9406,-151.0
9407,-153.0
9408,-151.0
9409,-159.0
9410,-115.0
9411,-116.0
9412,-153.0
9413,-153.0
9414,-153.0
9415,-151.0
9416,-149.0
9417,-150.0
9418,-150.0
9419,-153.0
9420,-155.0
9421,-153.0
9422,-152.0
9423,-149.0
9424,-148.0
9425,-152.0
9426,-152.0
9427,-143.0
9428,-155.0
9429,-164.0
9430,-144.0
9431,-143.0
9432,-145.0
9433,-142.0
9434,-142.0
9435,-141.0
9436,-140.0
9437,-143.0
9438,-186.0
9439,-194.0
9440,-142.0
9441,-143.0
9442,-149.0
9443,-143.0
9444,-148.0
9445,-139.0
9446,-139.0
9447,-140.0
9448,-142.0
9449,-150.0
9450,-148.0
9451,-146.0
9452,-149.0
9453,-143.0
9454,-145.0
9455,-145.0
9456,-142.0
9457,-142.0
9458,-143.0
9459,-146.0
9460,-142.0
9461,-140.0
9462,-188.0
9463,-147.0
9464,-148.0
9465,-141.0
9466,-143.0
9467,-153.0
9468,-151.0
9469,-151.0
9470,-154.0
9471,-148.0
9472,-161.0
9473,-149.0
9474,-156.0
9475,-156.0
9476,-148.0
9477,-146.0
9478,-140.0
9479,-145.0
9480,-141.0
9481,-150.0
9482,-155.0
9483,-151.0
9484,-146.0
9485,-142.0
9486,-183.0
9487,-149.0
9488,-147.0
9489,-147.0
9490,-159.0
9491,-151.0
9492,-147.0
9493,-152.0
9494,-189.0
9495,-148.0
9496,-159.0
9497,-119.0
9498,-158.0
9499,-153.0
9500,-154.0
9501,-153.0
9502,-120.0
9503,-144.0
9504,-149.0
9505,-152.0
9506,-148.0
9507,-146.0
9508,-149.0
9509,-154.0
9510,-160.0
9511,-154.0
9512,-154.0
9513,-154.0
9514,-149.0
9515,-145.0
9516,-149.0
9517,-150.0
9518,-161.0
9519,-150.0
9520,-151.0
9521,-163.0
9522,-118.0
9523,-154.0
9524,-155.0
9525,-200.0
9526,-167.0
9527,-156.0
9528,-124.0
9529,-121.0
9530,-175.0
9531,-118.0
9532,-162.0
9533,-117.0
9534,-163.0
9535,-100.0
9536,-113.0
9537,-171.0
9538,-154.0
9539,-119.0
9540,-166.0
9541,-117.0
9542,-165.0
9543,-113.0
9544,-175.0
9545,-117.0
9546,-158.0
9547,-177.0
9548,-176.0
9549,-160.0
9550,-153.0
9551,-114.0
9552,-119.0
9553,-120.0
9554,-116.0
9555,-154.0
9556,-153.0
9557,-159.0
9558,-162.0
9559,-119.0
9560,-121.0
9561,-178.0
9562,-153.0
9563,-152.0
9564,-156.0
9565,-124.0
9566,-161.0
9567,-160.0
9568,-164.0
9569,-119.0
9570,-118.0
9571,-117.0
9572,-168.0
9573,-155.0
9574,-154.0
9575,-118.0
9576,-166.0
9577,-161.0
9578,-164.0
9579,-119.0
9580,-118.0
9581,-154.0
9582,-119.0
9583,-160.0
9584,-153.0
9585,-121.0
9586,-118.0
9587,-162.0
9588,-120.0
9589,-119.0
9590,-119.0
9591,-157.0
9592,-159.0
9593,-159.0
9594,-119.0
9595,-155.0
9596,-120.0
9597,-118.0
9598,-154.0
9599,-119.0
9600,-158.0
9601,-154.0
9602,-159.0
9603,-157.0
9604,-119.0
9605,-120.0
9606,-120.0
9607,-164.0
9608,-162.0
9609,-119.0
9610,-154.0
9611,-120.0
9612,-121.0
9613,-163.0
9614,-168.0
9615,-120.0
9616,-124.0
9617,-118.0
9618,-119.0
9619,-119.0
9620,-161.0
9621,-120.0
9622,-150.0
9623,-120.0
9624,-124.0
9625,-166.0
9626,-121.0
9627,-157.0
9628,-158.0
9629,-148.0
9630,-163.0
9631,-119.0
9632,-158.0
9633,-120.0
9634,-119.0
9635,-153.0
9636,-121.0
9637,-150.0
9638,-120.0
9639,-125.0
9640,-153.0
9641,-154.0
9642,-158.0
9643,-147.0
9644,-150.0
9645,-147.0
9646,-121.0
9647,-153.0
9648,-149.0
9649,-150.0
9650,-118.0
9651,-121.0
9652,-149.0
9653,-152.0
9654,-158.0
9655,-119.0
9656,-152.0
9657,-120.0
9658,-118.0
9659,-119.0
9660,-152.0
9661,-148.0
9662,-150.0
9663,-120.0
9664,-151.0
9665,-147.0
9666,-119.0
9667,-149.0
9668,-121.0
9669,-118.0
9670,-117.0
9671,-116.0
9672,-163.0
9673,-162.0
9674,-117.0
9675,-171.0
9676,-155.0
9677,-151.0
9678,-115.0
9679,-114.0
9680,-118.0
9681,-118.0
9682,-123.0
9683,-119.0
9684,-118.0
9685,-151.0
9686,-120.0
9687,-151.0
9688,-121.0
9689,-117.0
9690,-115.0
9691,-159.0
9692,-183.0
9693,-115.0
9694,-112.0
9695,-171.0
9696,-117.0
9697,-159.0
9698,-155.0
9699,-162.0
9700,-156.0
9701,-150.0
9702,-116.0
9703,-114.0
9704,-167.0
9705,-153.0
9706,-118.0
9707,-152.0
9708,-159.0
9709,-114.0
9710,-161.0
9711,-152.0
9712,-127.0
9713,-161.0
9714,-157.0
9715,-155.0
9716,-181.0
9717,-197.0
9718,-149.0
9719,-119.0
9720,-152.0
9721,-149.0
9722,-174.0
9723,-154.0
9724,-172.0
9725,-155.0
9726,-171.0
9727,-166.0
9728,-127.0
9729,-155.0
9730,-174.0
9731,-151.0
9732,-153.0
9733,-156.0
9734,-156.0
9735,-162.0
9736,-162.0
9737,-160.0
9738,-155.0
9739,-117.0
9740,-153.0
9741,-167.0
9742,-154.0
9743,-151.0
9744,-171.0
9745,-124.0
9746,-120.0
9747,-184.0
9748,-150.0
9749,-116.0
9750,-186.0
9751,-156.0
9752,-150.0
9753,-153.0
9754,-157.0
9755,-185.0
9756,-165.0
9757,-177.0
9758,-166.0
9759,-174.0
9760,-172.0
9761,-160.0
9762,-163.0
9763,-150.0
9764,-172.0
9765,-175.0
9766,-152.0
9767,-167.0
9768,-174.0
9769,-166.0
9770,-164.0
9771,-175.0
9772,-190.0
9773,-155.0
9774,-150.0
9775,-153.0
9776,-177.0
9777,-155.0
9778,-164.0
9779,-167.0
9780,-174.0
9781,-152.0
9782,-162.0
9783,-176.0
9784,-150.0
9785,-157.0
9786,-153.0
9787,-168.0
9788,-154.0
9789,-177.0
9790,-153.0
9791,-173.0
9792,-177.0
9793,-177.0
9794,-171.0
9795,-150.0
9796,-151.0
9797,-171.0
9798,-174.0
9799,-170.0
9800,-155.0
9801,-152.0
9802,-154.0
9803,-154.0
9804,-124.0
9805,-124.0
9806,-127.0
9807,-170.0
9808,-176.0
9809,-152.0
9810,-141.0
9811,-115.0
9812,-116.0
9813,-168.0
9814,-159.0
9815,-153.0
9816,-155.0
9817,-152.0
9818,-150.0
9819,-152.0
9820,-162.0
9821,-173.0
9822,-167.0
9823,-168.0
9824,-158.0
9825,-162.0
9826,-169.0
9827,-146.0
9828,-157.0
9829,-148.0
9830,-170.0
9831,-167.0
9832,-164.0
9833,-167.0
9834,-169.0
9835,-165.0
9836,-148.0
9837,-173.0
9838,-169.0
9839,-146.0
9840,-117.0
9841,-120.0
9842,-148.0
9843,-150.0
9844,-166.0
9845,-167.0
9846,-150.0
9847,-120.0
9848,-114.0
9849,-154.0
9850,-117.0
9851,-151.0
9852,-118.0
9853,-167.0
9854,-152.0
9855,-148.0
9856,-154.0
9857,-116.0
9858,-159.0
9859,-152.0
9860,-129.0
9861,-187.0
9862,-131.0
9863,-152.0
9864,-153.0
9865,-138.0
9866,-192.0
9867,-153.0
9868,-127.0
9869,-155.0
9870,-151.0
9871,-152.0
9872,-151.0
9873,-128.0
9874,-164.0
9875,-152.0
9876,-163.0
9877,-187.0
9878,-163.0
9879,-176.0
9880,-121.0
9881,-158.0
9882,-149.0
9883,-117.0
9884,-151.0
9885,-119.0
9886,-150.0
9887,-166.0
9888,-117.0
9889,-116.0
9890,-158.0
9891,-117.0
9892,-114.0
9893,-115.0
9894,-113.0
9895,-158.0
9896,-165.0
9897,-114.0
9898,-116.0
9899,-114.0
9900,-111.0
9901,-152.0
9902,-115.0
9903,-150.0
9904,-150.0
9905,-147.0
9906,-154.0
9907,-151.0
9908,-164.0
9909,-158.0
9910,-116.0
9911,-113.0
9912,-111.0
9913,-158.0
9914,-160.0
9915,-120.0
9916,-157.0
9917,-113.0
9918,-160.0
9919,-120.0
9920,-111.0
9921,-167.0
9922,-163.0
9923,-158.0
9924,-113.0
9925,-117.0
9926,-111.0
9927,-114.0
9928,-161.0
9929,-110.0
9930,-115.0
9931,-154.0
9932,-151.0
9933,-151.0
9934,-112.0
9935,-115.0
9936,-147.0
9937,-118.0
9938,-119.0
9939,-156.0
9940,-115.0
9941,-114.0
9942,-121.0
9943,-153.0
9944,-148.0
9945,-160.0
9946,-160.0
9947,-114.0
9948,-168.0
9949,-149.0
9950,-115.0
9951,-160.0
9952,-111.0
9953,-116.0
9954,-165.0
9955,-116.0
9956,-159.0
9957,-116.0
9958,-155.0
9959,-152.0
9960,-157.0
9961,-112.0
9962,-160.0
9963,-159.0
9964,-115.0
9965,-117.0
9966,-154.0
9967,-147.0
9968,-119.0
9969,-121.0
9970,-115.0
9971,-122.0
9972,-124.0
9973,-160.0
9974,-121.0
9975,-154.0
9976,-151.0
9977,-152.0
9978,-120.0
9979,-114.0
9980,-156.0
9981,-167.0
9982,-115.0
9983,-150.0
9984,-117.0
9985,-117.0
9986,-160.0
9987,-156.0
9988,-117.0
9989,-119.0
9990,-112.0
9991,-113.0
9992,-156.0
9993,-161.0
9994,-153.0
9995,-117.0
9996,-117.0
9997,-116.0
9998,-163.0
9999,-116.0
10000,-154.0
10001,-163.0
10002,-151.0
10003,-149.0
10004,-114.0
10005,-154.0
10006,-159.0
10007,-163.0
10008,-158.0
10009,-110.0
10010,-165.0
10011,-158.0
10012,-159.0
10013,-117.0
10014,-112.0
10015,-112.0
10016,-114.0
10017,-112.0
10018,-116.0
10019,-156.0
10020,-170.0
10021,-154.0
10022,-156.0
10023,-117.0
10024,-157.0
10025,-169.0
10026,-113.0
10027,-157.0
10028,-156.0
10029,-163.0
10030,-120.0
10031,-153.0
10032,-154.0
10033,-156.0
10034,-115.0
10035,-167.0
10036,-156.0
10037,-152.0
10038,-113.0
10039,-114.0
10040,-114.0
10041,-114.0
10042,-116.0
10043,-115.0
10044,-112.0
10045,-179.0
10046,-154.0
10047,-157.0
10048,-151.0
10049,-151.0
10050,-149.0
10051,-153.0
10052,-153.0
10053,-148.0
10054,-156.0
10055,-155.0
10056,-153.0
10057,-151.0
10058,-117.0
10059,-152.0
10060,-157.0
10061,-149.0
10062,-150.0
10063,-154.0
10064,-149.0
10065,-116.0
10066,-153.0
10067,-151.0
10068,-160.0
10069,-165.0
10070,-156.0
10071,-151.0
10072,-152.0
10073,-155.0
10074,-149.0
10075,-151.0
10076,-147.0
10077,-145.0
10078,-152.0
10079,-144.0
10080,-153.0
10081,-150.0
10082,-154.0
10083,-159.0
10084,-116.0
10085,-143.0
10086,-154.0
10087,-155.0
10088,-145.0
10089,-157.0
10090,-157.0
10091,-154.0
10092,-142.0
10093,-147.0
10094,-151.0
10095,-148.0
10096,-116.0
10097,-151.0
10098,-147.0
10099,-158.0
10100,-150.0
10101,-155.0
10102,-156.0
10103,-153.0
10104,-154.0
10105,-153.0
10106,-156.0
10107,-147.0
10108,-149.0
10109,-155.0
10110,-149.0
10111,-154.0
10112,-153.0
10113,-154.0
10114,-141.0
10115,-152.0
10116,-149.0
10117,-156.0
10118,-143.0
10119,-156.0
10120,-143.0
10121,-121.0
10122,-155.0
10123,-152.0
10124,-155.0
10125,-155.0
10126,-141.0
10127,-121.0
10128,-143.0
10129,-153.0
10130,-143.0
10131,-146.0
10132,-115.0
10133,-150.0
10134,-149.0
10135,-148.0
10136,-144.0
10137,-143.0
10138,-141.0
10139,-152.0
10140,-156.0
10141,-141.0
10142,-154.0
10143,-152.0
10144,-142.0
10145,-153.0
10146,-141.0
10147,-151.0
10148,-150.0
10149,-146.0
10150,-158.0
10151,-157.0
10152,-155.0
10153,-150.0
10154,-158.0
10155,-154.0
10156,-152.0
10157,-155.0
10158,-152.0
10159,-151.0
10160,-153.0
10161,-150.0
10162,-158.0
10163,-155.0
10164,-150.0
10165,-114.0
10166,-153.0
10167,-149.0
10168,-150.0
10169,-149.0
10170,-148.0
10171,-155.0
10172,-149.0
10173,-115.0
10174,-149.0
10175,-149.0
10176,-150.0
10177,-150.0
10178,-148.0
10179,-149.0
10180,-160.0
10181,-150.0
10182,-147.0
10183,-150.0
10184,-120.0
10185,-150.0
10186,-151.0
10187,-157.0
10188,-152.0
10189,-154.0
10190,-151.0
10191,-161.0
10192,-146.0
10193,-149.0
10194,-153.0
10195,-151.0
10196,-150.0
10197,-147.0
10198,-152.0
10199,-151.0
10200,-150.0
10201,-151.0
10202,-152.0
10203,-125.0
10204,-148.0
10205,-149.0
10206,-115.0
10207,-153.0
10208,-115.0
10209,-149.0
10210,-153.0
10211,-154.0
10212,-153.0
10213,-121.0
10214,-151.0
10215,-156.0
10216,-157.0
10217,-155.0
10218,-151.0
10219,-157.0
10220,-154.0
10221,-153.0
10222,-153.0
10223,-153.0
10224,-157.0
10225,-154.0
10226,-116.0
10227,-155.0
10228,-119.0
10229,-116.0
10230,-154.0
10231,-154.0
10232,-155.0
10233,-162.0
10234,-146.0
10235,-153.0
10236,-157.0
10237,-158.0
10238,-158.0
10239,-160.0
10240,-163.0
10241,-158.0
10242,-148.0
10243,-157.0
10244,-159.0
10245,-166.0
10246,-174.0
10247,-165.0
10248,-166.0
10249,-160.0
10250,-156.0
10251,-152.0
10252,-155.0
10253,-158.0
10254,-153.0
10255,-159.0
10256,-149.0
10257,-152.0
10258,-151.0
10259,-116.0
10260,-160.0
10261,-164.0
10262,-189.0
10263,-158.0
10264,-153.0
10265,-161.0
10266,-152.0
10267,-164.0
10268,-168.0
10269,-160.0
10270,-171.0
10271,-161.0
10272,-165.0
10273,-115.0
10274,-163.0
10275,-162.0
10276,-153.0
10277,-159.0
10278,-159.0
10279,-164.0
10280,-155.0
10281,-118.0
10282,-154.0
10283,-156.0
10284,-157.0
10285,-159.0
10286,-149.0
10287,-150.0
10288,-115.0
10289,-159.0
10290,-163.0
10291,-164.0
10292,-149.0
10293,-113.0
10294,-147.0
10295,-155.0
10296,-146.0
10297,-145.0
10298,-138.0
10299,-147.0
10300,-139.0
10301,-190.0
10302,-141.0
10303,-114.0
10304,-149.0
10305,-140.0
10306,-113.0
10307,-145.0
10308,-143.0
10309,-144.0
10310,-148.0
10311,-147.0
10312,-147.0
10313,-145.0
10314,-155.0
10315,-146.0
10316,-155.0
10317,-152.0
10318,-149.0
10319,-150.0
10320,-139.0
10321,-148.0
10322,-145.0
10323,-144.0
10324,-147.0
10325,-145.0
10326,-148.0
10327,-159.0
10328,-150.0
10329,-142.0
10330,-114.0
10331,-140.0
10332,-145.0
10333,-145.0
10334,-148.0
10335,-157.0
10336,-125.0
10337,-143.0
10338,-152.0
10339,-152.0
10340,-155.0
10341,-157.0
10342,-152.0
10343,-146.0
10344,-162.0
10345,-154.0
10346,-163.0
10347,-151.0
10348,-153.0
10349,-155.0
10350,-156.0
10351,-143.0
10352,-155.0
10353,-145.0
10354,-150.0
10355,-148.0
10356,-159.0
10357,-155.0
10358,-175.0
10359,-115.0
10360,-155.0
10361,-151.0
10362,-200.0
10363,-150.0
10364,-169.0
10365,-113.0
10366,-155.0
10367,-190.0
10368,-152.0
10369,-200.0
10370,-185.0
10371,-114.0
10372,-159.0
10373,-141.0
10374,-113.0
10375,-113.0
10376,-113.0
10377,-164.0
10378,-147.0
10379,-156.0
10380,-151.0
10381,-120.0
10382,-110.0
10383,-112.0
10384,-163.0
10385,-151.0
10386,-200.0
10387,-120.0
10388,-154.0
10389,-114.0
10390,-160.0
10391,-200.0
10392,-185.0
10393,-112.0
10394,-114.0
10395,-111.0
10396,-115.0
10397,-200.0
10398,-188.0
10399,-153.0
10400,-179.0
10401,-166.0
10402,-118.0
10403,-115.0
10404,-115.0
10405,-117.0
10406,-170.0
10407,-195.0
10408,-115.0
10409,-116.0
10410,-164.0
10411,-114.0
10412,-119.0
10413,-119.0
10414,-115.0
10415,-115.0
10416,-117.0
10417,-117.0
10418,-111.0
10419,-114.0
10420,-116.0
10421,-117.0
10422,-158.0
10423,-123.0
10424,-114.0
10425,-159.0
10426,-160.0
10427,-123.0
10428,-158.0
10429,-152.0
10430,-162.0
10431,-137.0
10432,-153.0
10433,-123.0
10434,-160.0
10435,-141.0
10436,-114.0
10437,-159.0
10438,-120.0
10439,-112.0
10440,-159.0
10441,-150.0
10442,-121.0
10443,-119.0
10444,-146.0
10445,-115.0
10446,-161.0
10447,-161.0
10448,-115.0
10449,-158.0
10450,-123.0
10451,-155.0
10452,-142.0
10453,-156.0
10454,-163.0
10455,-151.0
10456,-164.0
10457,-158.0
10458,-113.0
10459,-165.0
10460,-162.0
10461,-163.0
10462,-118.0
10463,-125.0
10464,-168.0
10465,-162.0
10466,-116.0
10467,-157.0
10468,-151.0
10469,-157.0
10470,-157.0
10471,-120.0
10472,-156.0
10473,-151.0
10474,-122.0
10475,-152.0
10476,-121.0
10477,-151.0
10478,-148.0
10479,-111.0
10480,-115.0
10481,-125.0
10482,-151.0
10483,-120.0
10484,-119.0
10485,-114.0
10486,-163.0
10487,-121.0
10488,-164.0
10489,-162.0
10490,-156.0
10491,-152.0
10492,-162.0
10493,-162.0
10494,-165.0
10495,-115.0
10496,-120.0
10497,-156.0
10498,-152.0
10499,-156.0
10500,-152.0
10501,-152.0
10502,-160.0
10503,-165.0
10504,-149.0
10505,-160.0
10506,-154.0
10507,-118.0
10508,-161.0
10509,-120.0
10510,-120.0
10511,-157.0
10512,-169.0
10513,-165.0
10514,-121.0
10515,-159.0
10516,-111.0
10517,-150.0
10518,-155.0
10519,-115.0
10520,-149.0
10521,-148.0
10522,-177.0
10523,-114.0
10524,-167.0
10525,-157.0
10526,-175.0
10527,-163.0
10528,-125.0
10529,-200.0
10530,-122.0
10531,-161.0
10532,-120.0
10533,-155.0
10534,-156.0
10535,-173.0
10536,-162.0
10537,-161.0
10538,-156.0
10539,-120.0
10540,-112.0
10541,-120.0
10542,-120.0
10543,-114.0
10544,-115.0
10545,-127.0
10546,-162.0
10547,-114.0
10548,-120.0
10549,-159.0
10550,-169.0
10551,-168.0
10552,-123.0
10553,-155.0
10554,-153.0
10555,-123.0
10556,-158.0
10557,-157.0
10558,-111.0
10559,-153.0
10560,-152.0
10561,-114.0
10562,-113.0
10563,-111.0
10564,-161.0
10565,-120.0
10566,-110.0
10567,-115.0
10568,-122.0
10569,-158.0
10570,-151.0
10571,-122.0
10572,-128.0
10573,-164.0
10574,-112.0
10575,-163.0
10576,-127.0
10577,-114.0
10578,-127.0
10579,-165.0
10580,-166.0
10581,-159.0
10582,-123.0
10583,-153.0
10584,-110.0
10585,-140.0
10586,-153.0
10587,-158.0
10588,-122.0
10589,-163.0
10590,-112.0
10591,-148.0
10592,-157.0
10593,-159.0
10594,-158.0
10595,-112.0
10596,-164.0
10597,-159.0
10598,-159.0
10599,-161.0
10600,-157.0
10601,-159.0
10602,-152.0
10603,-172.0
10604,-121.0
10605,-168.0
10606,-157.0
10607,-118.0
10608,-154.0
10609,-158.0
10610,-115.0
10611,-150.0
10612,-153.0
10613,-112.0
10614,-119.0
10615,-154.0
10616,-114.0
10617,-113.0
10618,-157.0
10619,-159.0
10620,-113.0
10621,-125.0
10622,-152.0
10623,-118.0
10624,-116.0
10625,-122.0
10626,-161.0
10627,-111.0
10628,-110.0
10629,-121.0
10630,-158.0
10631,-162.0
10632,-119.0
10633,-150.0
10634,-116.0
10635,-154.0
10636,-110.0
10637,-123.0
10638,-152.0
10639,-155.0
10640,-111.0
10641,-152.0
10642,-156.0
10643,-152.0
10644,-121.0
10645,-156.0
10646,-117.0
10647,-118.0
10648,-165.0
10649,-116.0
10650,-147.0
10651,-119.0
10652,-152.0
10653,-122.0
10654,-148.0
10655,-151.0
10656,-149.0
10657,-120.0
10658,-112.0
10659,-148.0
10660,-161.0
10661,-156.0
10662,-120.0
10663,-155.0
10664,-146.0
10665,-120.0
10666,-124.0
10667,-123.0
10668,-151.0
10669,-121.0
10670,-151.0
10671,-151.0
10672,-112.0
10673,-152.0
10674,-153.0
10675,-113.0
10676,-169.0
10677,-118.0
10678,-116.0
10679,-120.0
10680,-150.0
10681,-171.0
10682,-166.0
10683,-155.0
10684,-148.0
10685,-156.0
10686,-114.0
10687,-155.0
10688,-119.0
10689,-118.0
10690,-110.0
10691,-118.0
10692,-168.0
10693,-155.0
10694,-112.0
10695,-168.0
10696,-198.0
10697,-122.0
10698,-110.0
10699,-118.0
10700,-151.0
10701,-152.0
10702,-152.0
10703,-147.0
10704,-153.0
10705,-162.0
10706,-155.0
10707,-118.0
10708,-148.0
10709,-167.0
10710,-174.0
10711,-111.0
10712,-147.0
10713,-155.0
10714,-113.0
10715,-162.0
10716,-168.0
10717,-150.0
10718,-158.0
10719,-110.0
10720,-154.0
10721,-120.0
10722,-115.0
10723,-168.0
10724,-119.0
10725,-163.0
10726,-161.0
10727,-156.0
10728,-150.0
10729,-118.0
10730,-118.0
10731,-121.0
10732,-118.0
10733,-119.0
10734,-124.0
10735,-163.0
10736,-110.0
10737,-111.0
10738,-158.0
10739,-158.0
10740,-125.0
10741,-161.0
10742,-157.0
10743,-116.0
10744,-120.0
10745,-121.0
10746,-156.0
10747,-163.0
10748,-147.0
10749,-157.0
10750,-160.0
10751,-121.0
10752,-162.0
10753,-156.0
10754,-158.0
10755,-157.0
10756,-157.0
10757,-147.0
10758,-161.0
10759,-154.0
10760,-150.0
10761,-117.0
10762,-111.0
10763,-166.0
10764,-155.0
10765,-117.0
10766,-120.0
10767,-118.0
10768,-159.0
10769,-119.0
10770,-157.0
10771,-116.0
10772,-155.0
10773,-194.0
10774,-111.0
10775,-159.0
10776,-162.0
10777,-160.0
10778,-112.0
10779,-160.0
10780,-113.0
10781,-112.0
10782,-124.0
10783,-118.0
10784,-160.0
10785,-160.0
10786,-161.0
10787,-113.0
10788,-118.0
10789,-156.0
10790,-150.0
10791,-119.0
10792,-151.0
10793,-156.0
10794,-159.0
10795,-161.0
10796,-121.0
10797,-162.0
10798,-159.0
10799,-147.0
10800,-120.0
10801,-149.0
10802,-151.0
10803,-158.0
10804,-148.0
10805,-151.0
10806,-117.0
10807,-152.0
10808,-114.0
10809,-161.0
10810,-111.0
10811,-121.0
10812,-115.0
10813,-162.0
10814,-157.0
10815,-153.0
10816,-112.0
10817,-148.0
10818,-165.0
10819,-121.0
10820,-160.0
10821,-164.0
10822,-116.0
10823,-110.0
10824,-113.0
10825,-158.0
10826,-120.0
10827,-115.0
10828,-147.0
10829,-118.0
10830,-153.0
10831,-159.0
10832,-147.0
10833,-161.0
10834,-118.0
10835,-167.0
10836,-114.0
10837,-150.0
10838,-161.0
10839,-147.0
10840,-149.0
10841,-160.0
10842,-115.0
10843,-118.0
10844,-119.0
10845,-119.0
10846,-114.0
10847,-118.0
10848,-118.0
10849,-149.0
10850,-114.0
10851,-120.0
10852,-161.0
10853,-110.0
10854,-152.0
10855,-147.0
10856,-149.0
10857,-149.0
10858,-148.0
10859,-152.0
10860,-123.0
10861,-155.0
10862,-160.0
10863,-157.0
10864,-125.0
10865,-114.0
10866,-122.0
10867,-116.0
10868,-150.0
10869,-113.0
10870,-118.0
10871,-169.0
10872,-116.0
10873,-121.0
10874,-111.0
10875,-162.0
10876,-153.0
10877,-148.0
10878,-157.0
10879,-155.0
10880,-118.0
10881,-116.0
10882,-159.0
10883,-167.0
10884,-111.0
10885,-123.0
10886,-147.0
10887,-111.0
10888,-111.0
10889,-161.0
10890,-164.0
10891,-117.0
10892,-164.0
10893,-120.0
10894,-115.0
10895,-149.0
10896,-159.0
10897,-111.0
10898,-170.0
10899,-120.0
10900,-164.0
10901,-114.0
10902,-156.0
10903,-121.0
10904,-161.0
10905,-149.0
10906,-149.0
10907,-117.0
10908,-155.0
10909,-119.0
10910,-161.0
10911,-112.0
10912,-156.0
10913,-116.0
10914,-168.0
10915,-116.0
10916,-166.0
10917,-110.0
10918,-200.0
10919,-114.0
10920,-123.0
10921,-149.0
10922,-158.0
10923,-148.0
10924,-162.0
10925,-160.0
10926,-150.0
10927,-153.0
10928,-121.0
10929,-158.0
10930,-113.0
10931,-160.0
10932,-155.0
10933,-155.0
10934,-154.0
10935,-160.0
10936,-112.0
10937,-119.0
10938,-155.0
10939,-153.0
10940,-117.0
10941,-148.0
10942,-121.0
10943,-161.0
10944,-114.0
10945,-157.0
10946,-120.0
10947,-114.0
10948,-162.0
10949,-156.0
10950,-149.0
10951,-166.0
10952,-149.0
10953,-113.0
10954,-155.0
10955,-121.0
10956,-118.0
10957,-112.0
10958,-200.0
10959,-120.0
10960,-150.0
10961,-161.0
10962,-161.0
10963,-162.0
10964,-156.0
10965,-111.0
10966,-159.0
10967,-119.0
10968,-114.0
10969,-120.0
10970,-118.0
10971,-124.0
10972,-161.0
10973,-120.0
10974,-168.0
10975,-160.0
10976,-160.0
10977,-157.0
10978,-117.0
10979,-120.0
10980,-118.0
10981,-199.0
10982,-125.0
10983,-153.0
10984,-147.0
10985,-160.0
10986,-117.0
10987,-149.0
10988,-155.0
10989,-114.0
10990,-153.0
10991,-151.0
10992,-156.0
10993,-157.0
10994,-156.0
10995,-185.0
10996,-154.0
10997,-160.0
10998,-159.0
10999,-157.0
11000,-198.0
11001,-163.0
11002,-157.0
11003,-158.0
11004,-117.0
11005,-116.0
11006,-181.0
11007,-156.0
11008,-126.0
11009,-152.0
11010,-155.0
11011,-117.0
11012,-186.0
11013,-131.0
11014,-127.0
11015,-120.0
11016,-116.0
11017,-118.0
11018,-111.0
11019,-113.0
11020,-158.0
11021,-164.0
11022,-110.0
11023,-159.0
11024,-155.0
11025,-157.0
11026,-150.0
11027,-127.0
11028,-157.0
11029,-151.0
11030,-159.0
11031,-151.0
11032,-157.0
11033,-117.0
11034,-163.0
11035,-157.0
11036,-156.0
11037,-152.0
11038,-157.0
11039,-120.0
11040,-158.0
11041,-163.0
11042,-150.0
11043,-150.0
11044,-148.0
11045,-112.0
11046,-123.0
11047,-158.0
11048,-156.0
11049,-115.0
11050,-119.0
11051,-157.0
11052,-117.0
11053,-159.0
11054,-159.0
11055,-162.0
11056,-113.0
11057,-157.0
11058,-154.0
11059,-120.0
11060,-157.0
11061,-160.0
11062,-153.0
11063,-154.0
11064,-163.0
11065,-114.0
11066,-122.0
11067,-119.0
11068,-160.0
11069,-147.0
11070,-115.0
11071,-117.0
11072,-149.0
11073,-157.0
11074,-198.0
11075,-161.0
11076,-113.0
11077,-120.0
11078,-160.0
11079,-120.0
11080,-114.0
11081,-121.0
11082,-158.0
11083,-152.0
11084,-127.0
11085,-112.0
11086,-162.0
11087,-119.0
11088,-156.0
11089,-118.0
11090,-160.0
11091,-155.0
11092,-167.0
11093,-160.0
11094,-110.0
11095,-114.0
11096,-147.0
11097,-114.0
11098,-116.0
11099,-124.0
11100,-165.0
11101,-164.0
11102,-167.0
11103,-115.0
11104,-158.0
11105,-150.0
11106,-153.0
11107,-112.0
11108,-157.0
11109,-154.0
11110,-150.0
11111,-151.0
11112,-123.0
11113,-147.0
11114,-120.0
11115,-111.0
11116,-152.0
11117,-112.0
11118,-164.0
11119,-151.0
11120,-148.0
11121,-125.0
11122,-189.0
11123,-147.0
11124,-128.0
11125,-119.0
11126,-121.0
11127,-158.0
11128,-170.0
11129,-163.0
11130,-118.0
11131,-113.0
11132,-117.0
11133,-152.0
11134,-163.0
11135,-147.0
11136,-162.0
11137,-151.0
11138,-124.0
11139,-113.0
11140,-167.0
11141,-117.0
11142,-163.0
11143,-114.0
11144,-167.0
11145,-153.0
11146,-121.0
11147,-111.0
11148,-110.0
11149,-119.0
11150,-155.0
11151,-121.0
11152,-159.0
11153,-157.0
11154,-120.0
11155,-152.0
11156,-158.0
11157,-117.0
11158,-112.0
11159,-119.0
11160,-161.0
11161,-119.0
11162,-116.0
11163,-156.0
11164,-114.0
11165,-117.0
11166,-158.0
11167,-157.0
11168,-113.0
11169,-156.0
11170,-118.0
11171,-154.0
11172,-156.0
11173,-157.0
11174,-112.0
11175,-111.0
11176,-126.0
11177,-149.0
11178,-113.0
11179,-158.0
11180,-120.0
11181,-125.0
11182,-134.0
11183,-200.0
11184,-160.0
11185,-164.0
11186,-163.0
11187,-148.0
11188,-155.0
11189,-111.0
11190,-150.0
11191,-117.0
11192,-118.0
11193,-129.0
11194,-112.0
11195,-160.0
11196,-131.0
11197,-121.0
11198,-151.0
11199,-164.0
11200,-160.0
11201,-128.0
11202,-152.0
11203,-119.0
11204,-122.0
11205,-200.0
11206,-162.0
11207,-161.0
11208,-150.0
11209,-160.0
11210,-114.0
11211,-167.0
11212,-167.0
11213,-167.0
11214,-116.0
11215,-129.0
11216,-119.0
11217,-153.0
11218,-118.0
11219,-124.0
11220,-164.0
11221,-119.0
11222,-147.0
11223,-124.0
11224,-120.0
11225,-125.0
11226,-153.0
11227,-160.0
11228,-119.0
11229,-175.0
11230,-151.0
11231,-147.0
11232,-151.0
11233,-149.0
11234,-159.0
11235,-165.0
11236,-133.0
11237,-121.0
11238,-151.0
11239,-164.0
11240,-160.0
11241,-149.0
11242,-164.0
11243,-147.0
11244,-147.0
11245,-148.0
11246,-161.0
11247,-122.0
11248,-163.0
11249,-160.0
11250,-156.0
11251,-124.0
11252,-155.0
11253,-117.0
11254,-145.0
11255,-146.0
11256,-147.0
11257,-121.0
11258,-148.0
11259,-157.0
11260,-160.0
11261,-144.0
11262,-200.0
11263,-158.0
11264,-200.0
11265,-157.0
11266,-161.0
11267,-155.0
11268,-154.0
11269,-156.0
11270,-157.0
11271,-116.0
11272,-118.0
11273,-122.0
11274,-158.0
11275,-154.0
11276,-161.0
11277,-163.0
11278,-117.0
11279,-113.0
11280,-160.0
11281,-158.0
11282,-149.0
11283,-169.0
11284,-192.0
11285,-162.0
11286,-151.0
11287,-114.0
11288,-117.0
11289,-126.0
11290,-136.0
11291,-200.0
11292,-146.0
11293,-139.0
11294,-155.0
11295,-119.0
11296,-153.0
11297,-151.0
11298,-157.0
11299,-160.0
11300,-114.0
11301,-127.0
11302,-164.0
11303,-156.0
11304,-131.0
11305,-154.0
11306,-158.0
11307,-132.0
11308,-129.0
11309,-148.0
11310,-154.0
11311,-157.0
11312,-123.0
11313,-194.0
11314,-120.0
11315,-127.0
11316,-200.0
11317,-122.0
11318,-127.0
11319,-124.0
11320,-159.0
11321,-181.0
11322,-151.0
11323,-154.0
11324,-126.0
11325,-115.0
11326,-117.0
11327,-155.0
11328,-200.0
11329,-156.0
11330,-121.0
11331,-188.0
11332,-152.0
11333,-127.0
11334,-159.0
11335,-129.0
11336,-123.0
11337,-154.0
11338,-120.0
11339,-155.0
11340,-129.0
11341,-155.0
11342,-159.0
11343,-156.0
11344,-153.0
11345,-122.0
11346,-152.0
11347,-127.0
11348,-134.0
11349,-123.0
11350,-125.0
11351,-156.0
11352,-160.0
11353,-154.0
11354,-192.0
11355,-160.0
11356,-149.0
11357,-162.0
11358,-151.0
11359,-188.0
11360,-153.0
11361,-155.0
11362,-147.0
11363,-200.0
11364,-155.0
11365,-134.0
11366,-157.0
11367,-164.0
11368,-179.0
11369,-157.0
11370,-159.0
11371,-155.0
11372,-163.0
11373,-155.0
11374,-145.0
11375,-148.0
11376,-200.0
11377,-156.0
11378,-147.0
11379,-132.0
11380,-131.0
11381,-190.0
11382,-190.0
11383,-153.0
11384,-131.0
11385,-151.0
11386,-156.0
11387,-157.0
11388,-151.0
11389,-118.0
11390,-200.0
11391,-152.0
11392,-188.0
11393,-148.0
11394,-164.0
11395,-155.0
11396,-127.0
11397,-121.0
11398,-146.0
11399,-153.0
11400,-154.0
11401,-156.0
11402,-200.0
11403,-126.0
11404,-200.0
11405,-150.0
11406,-155.0
11407,-155.0
11408,-130.0
11409,-153.0
11410,-154.0
11411,-139.0
11412,-155.0
11413,-200.0
11414,-155.0
11415,-146.0
11416,-144.0
11417,-200.0
11418,-151.0
11419,-132.0
11420,-152.0
11421,-124.0
11422,-145.0
11423,-150.0
11424,-132.0
11425,-158.0
11426,-135.0
11427,-149.0
11428,-135.0
11429,-148.0
11430,-183.0
11431,-130.0
11432,-158.0
11433,-197.0
11434,-151.0
11435,-152.0
11436,-151.0
11437,-150.0
11438,-200.0
11439,-149.0
11440,-194.0
11441,-149.0
11442,-151.0
11443,-157.0
11444,-149.0
11445,-132.0
11446,-135.0
11447,-200.0
11448,-149.0
11449,-152.0
11450,-148.0
11451,-197.0
11452,-191.0
11453,-200.0
11454,-131.0
11455,-186.0
11456,-200.0
11457,-183.0
11458,-151.0
11459,-195.0
11460,-197.0
11461,-183.0
11462,-188.0
11463,-145.0
11464,-150.0
11465,-136.0
11466,-192.0
11467,-124.0
11468,-148.0
11469,-148.0
11470,-188.0
11471,-200.0
11472,-150.0
11473,-145.0
11474,-192.0
11475,-146.0
11476,-120.0
11477,-146.0
11478,-139.0
11479,-126.0
11480,-135.0
11481,-194.0
11482,-144.0
11483,-136.0
11484,-156.0
11485,-151.0
11486,-200.0
11487,-150.0
11488,-150.0
11489,-147.0
11490,-145.0
11491,-158.0
11492,-135.0
11493,-200.0
11494,-146.0
11495,-146.0
11496,-127.0
11497,-154.0
11498,-138.0
11499,-200.0
11500,-146.0
11501,-146.0
11502,-156.0
11503,-157.0
11504,-132.0
11505,-144.0
11506,-132.0
11507,-149.0
11508,-144.0
11509,-145.0
11510,-194.0
11511,-200.0
11512,-142.0
11513,-150.0
11514,-144.0
11515,-187.0
11516,-152.0
11517,-200.0
11518,-144.0
11519,-194.0
11520,-193.0
11521,-145.0
11522,-144.0
11523,-149.0
11524,-144.0
11525,-154.0
11526,-144.0
11527,-189.0
11528,-200.0
11529,-190.0
11530,-143.0
11531,-190.0
11532,-154.0
11533,-186.0
11534,-195.0
11535,-183.0
11536,-157.0
11537,-148.0
11538,-151.0
11539,-193.0
11540,-146.0
11541,-150.0
11542,-143.0
11543,-197.0
11544,-187.0
11545,-146.0
11546,-198.0
11547,-191.0
11548,-146.0
11549,-180.0
11550,-144.0
11551,-157.0
11552,-192.0
11553,-144.0
11554,-144.0
11555,-144.0
11556,-161.0
11557,-188.0
11558,-179.0
11559,-184.0
11560,-152.0
11561,-146.0
11562,-147.0
11563,-187.0
11564,-147.0
11565,-175.0
11566,-185.0
11567,-145.0
11568,-148.0
11569,-153.0
11570,-146.0
11571,-176.0
11572,-151.0
11573,-146.0
11574,-143.0
11575,-154.0
11576,-183.0
11577,-186.0
11578,-144.0
11579,-148.0
11580,-186.0
11581,-142.0
11582,-144.0
11583,-190.0
11584,-145.0
11585,-186.0
11586,-149.0
11587,-181.0
11588,-181.0
11589,-185.0
11590,-158.0
11591,-144.0
11592,-147.0
11593,-144.0
11594,-194.0
11595,-153.0
11596,-152.0
11597,-145.0
11598,-152.0
11599,-144.0
11600,-190.0
11601,-147.0
11602,-151.0
11603,-189.0
11604,-145.0
11605,-153.0
11606,-144.0
11607,-183.0
11608,-144.0
11609,-160.0
11610,-181.0
11611,-182.0
11612,-145.0
11613,-156.0
11614,-190.0
11615,-143.0
11616,-175.0
11617,-173.0
11618,-189.0
11619,-150.0
11620,-146.0
11621,-175.0
11622,-150.0
11623,-147.0
11624,-148.0
11625,-175.0
11626,-147.0
11627,-160.0
11628,-150.0
11629,-174.0
11630,-152.0
11631,-146.0
11632,-189.0
11633,-151.0
11634,-152.0
11635,-151.0
11636,-147.0
11637,-148.0
11638,-200.0
11639,-187.0
11640,-176.0
11641,-176.0
11642,-143.0
11643,-200.0
11644,-144.0
11645,-176.0
11646,-176.0
11647,-152.0
11648,-158.0
11649,-188.0
11650,-191.0
11651,-150.0
11652,-178.0
11653,-178.0
11654,-144.0
11655,-187.0
11656,-147.0
11657,-183.0
11658,-195.0
11659,-143.0
11660,-145.0
11661,-187.0
11662,-179.0
11663,-179.0
11664,-144.0
11665,-144.0
11666,-186.0
11667,-153.0
11668,-182.0
11669,-144.0
11670,-172.0
11671,-191.0
11672,-151.0
11673,-148.0
11674,-142.0
11675,-144.0
11676,-179.0
11677,-172.0
11678,-143.0
11679,-152.0
11680,-160.0
11681,-178.0
11682,-162.0
11683,-176.0
11684,-146.0
11685,-145.0
11686,-170.0
11687,-145.0
11688,-152.0
11689,-145.0
11690,-176.0
11691,-152.0
11692,-147.0
11693,-147.0
11694,-163.0
11695,-154.0
11696,-163.0
11697,-152.0
11698,-152.0
11699,-160.0
11700,-162.0
11701,-170.0
11702,-180.0
11703,-147.0
11704,-165.0
11705,-154.0
11706,-173.0
11707,-167.0
11708,-149.0
11709,-161.0
11710,-149.0
11711,-175.0
11712,-153.0
11713,-150.0
11714,-156.0
11715,-175.0
11716,-152.0
11717,-174.0
11718,-162.0
11719,-163.0
11720,-154.0
11721,-156.0
11722,-175.0
11723,-153.0
11724,-169.0
11725,-165.0
11726,-151.0
11727,-167.0
11728,-165.0
11729,-152.0
11730,-162.0
11731,-168.0
11732,-170.0
11733,-156.0
11734,-155.0
11735,-155.0
11736,-165.0
11737,-152.0
11738,-169.0
11739,-174.0
11740,-173.0
11741,-149.0
11742,-150.0
11743,-162.0
11744,-166.0
11745,-187.0
11746,-145.0
11747,-172.0
11748,-150.0
11749,-145.0
11750,-147.0
11751,-146.0
11752,-146.0
11753,-200.0
11754,-183.0
11755,-165.0
11756,-147.0
11757,-161.0
11758,-163.0
11759,-148.0
11760,-150.0
11761,-166.0
11762,-165.0
11763,-173.0
11764,-150.0
11765,-149.0
11766,-147.0
11767,-156.0
11768,-150.0
11769,-145.0
11770,-144.0
11771,-148.0
11772,-145.0
11773,-144.0
11774,-200.0
11775,-187.0
11776,-148.0
11777,-151.0
11778,-200.0
11779,-175.0
11780,-146.0
11781,-150.0
11782,-146.0
11783,-165.0
11784,-165.0
11785,-147.0
11786,-165.0
11787,-159.0
11788,-165.0
11789,-144.0
11790,-174.0
11791,-144.0
11792,-163.0
11793,-164.0
11794,-160.0
11795,-172.0
11796,-173.0
11797,-178.0
11798,-153.0
11799,-157.0
11800,-146.0
11801,-177.0
11802,-188.0
11803,-154.0
11804,-185.0
11805,-151.0
11806,-160.0
11807,-179.0
11808,-163.0
11809,-188.0
11810,-191.0
11811,-186.0
11812,-158.0
11813,-188.0
11814,-151.0
11815,-175.0
11816,-159.0
11817,-157.0
11818,-193.0
11819,-152.0
11820,-183.0
11821,-185.0
11822,-146.0
11823,-188.0
11824,-184.0
11825,-180.0
11826,-164.0
11827,-155.0
11828,-151.0
11829,-145.0
11830,-155.0
11831,-169.0
11832,-197.0
11833,-155.0
11834,-159.0
11835,-146.0
11836,-147.0
11837,-146.0
11838,-148.0
11839,-155.0
11840,-200.0
11841,-152.0
11842,-195.0
11843,-153.0
11844,-187.0
11845,-194.0
11846,-191.0
11847,-149.0
11848,-185.0
11849,-188.0
11850,-147.0
11851,-192.0
11852,-189.0
11853,-161.0
11854,-187.0
11855,-188.0
11856,-146.0
11857,-188.0
11858,-189.0
11859,-152.0
11860,-151.0
11861,-154.0
11862,-190.0
11863,-148.0
11864,-144.0
11865,-191.0
11866,-200.0
11867,-200.0
11868,-147.0
11869,-142.0
11870,-146.0
11871,-186.0
11872,-146.0
11873,-186.0
11874,-189.0
11875,-149.0
11876,-187.0
11877,-158.0
11878,-148.0
11879,-155.0
11880,-191.0
11881,-146.0
11882,-146.0
11883,-148.0
11884,-146.0
11885,-150.0
11886,-144.0
11887,-145.0
11888,-154.0
11889,-188.0
11890,-146.0
11891,-144.0
11892,-140.0
11893,-153.0
11894,-156.0
11895,-191.0
11896,-148.0
11897,-183.0
11898,-187.0
11899,-187.0
11900,-184.0
11901,-182.0
11902,-147.0
11903,-145.0
11904,-192.0
11905,-186.0
11906,-147.0
11907,-152.0
11908,-146.0
11909,-145.0
11910,-145.0
11911,-145.0
11912,-157.0
11913,-147.0
11914,-146.0
11915,-144.0
11916,-170.0
11917,-162.0
11918,-157.0
11919,-146.0
11920,-144.0
11921,-159.0
11922,-150.0
11923,-145.0
11924,-146.0
11925,-187.0
11926,-153.0
11927,-147.0
11928,-157.0
11929,-163.0
11930,-151.0
11931,-157.0
11932,-185.0
11933,-165.0
11934,-148.0
11935,-114.0
11936,-151.0
11937,-148.0
11938,-150.0
11939,-159.0
11940,-191.0
11941,-148.0
11942,-189.0
11943,-179.0
11944,-180.0
11945,-185.0
11946,-183.0
11947,-152.0
11948,-150.0
11949,-183.0
11950,-181.0
11951,-149.0
11952,-151.0
11953,-191.0
11954,-153.0
11955,-160.0
11956,-146.0
11957,-152.0
11958,-200.0
11959,-149.0
11960,-151.0
11961,-163.0
11962,-189.0
11963,-179.0
11964,-152.0
11965,-168.0
11966,-156.0
11967,-149.0
11968,-169.0
11969,-168.0
11970,-154.0
11971,-154.0
11972,-152.0
11973,-116.0
11974,-152.0
11975,-118.0
11976,-187.0
11977,-153.0
11978,-150.0
11979,-154.0
11980,-149.0
11981,-157.0
11982,-200.0
11983,-200.0
11984,-154.0
11985,-156.0
11986,-159.0
11987,-155.0
11988,-158.0
11989,-152.0
11990,-200.0
11991,-155.0
11992,-155.0
11993,-153.0
11994,-196.0
11995,-181.0
11996,-190.0
11997,-183.0
11998,-170.0
11999,-182.0
12000,-173.0
12001,-184.0
12002,-157.0
12003,-182.0
12004,-177.0
12005,-177.0
12006,-176.0
12007,-183.0
12008,-184.0
12009,-159.0
12010,-156.0
12011,-156.0
12012,-182.0
12013,-173.0
12014,-156.0
12015,-169.0
12016,-174.0
12017,-153.0
12018,-154.0
12019,-153.0
12020,-155.0
12021,-200.0
12022,-165.0
12023,-152.0
12024,-152.0
12025,-191.0
12026,-153.0
12027,-156.0
12028,-167.0
12029,-157.0
12030,-172.0
12031,-178.0
12032,-154.0
12033,-170.0
12034,-156.0
12035,-156.0
12036,-166.0
12037,-169.0
12038,-156.0
12039,-159.0
12040,-169.0
12041,-156.0
12042,-124.0
12043,-166.0
12044,-126.0
12045,-165.0
12046,-153.0
12047,-128.0
12048,-127.0
12049,-172.0
12050,-173.0
12051,-152.0
12052,-125.0
12053,-184.0
12054,-120.0
12055,-169.0
12056,-154.0
12057,-116.0
12058,-105.0
12059,-157.0
12060,-171.0
12061,-183.0
12062,-171.0
12063,-138.0
12064,-160.0
12065,-164.0
12066,-180.0
12067,-150.0
12068,-152.0
12069,-192.0
12070,-115.0
12071,-124.0
12072,-166.0
12073,-99.0
12074,-138.0
12075,-187.0
12076,-151.0
12077,-153.0
12078,-126.0
12079,-128.0
12080,-198.0
12081,-96.0
12082,-122.0
12083,-155.0
12084,-183.0
12085,-124.0
12086,-132.0
12087,-95.0
12088,-151.0
12089,-156.0
12090,-119.0
12091,-128.0
12092,-160.0
12093,-154.0
12094,-157.0
12095,-97.0
12096,-127.0
12097,-127.0
12098,-185.0
12099,-152.0
12100,-101.0
12101,-116.0
12102,-164.0
12103,-186.0
12104,-151.0
12105,-152.0
12106,-163.0
12107,-172.0
12108,-162.0
12109,-169.0
12110,-170.0
12111,-169.0
12112,-152.0
12113,-171.0
12114,-181.0
12115,-152.0
12116,-173.0
12117,-151.0
12118,-169.0
12119,-152.0
12120,-172.0
12121,-172.0
12122,-151.0
12123,-151.0
12124,-176.0
12125,-171.0
12126,-174.0
12127,-155.0
12128,-168.0
12129,-169.0
12130,-164.0
12131,-157.0
12132,-152.0
12133,-171.0
12134,-175.0
12135,-150.0
12136,-173.0
12137,-154.0
12138,-172.0
12139,-169.0
12140,-164.0
12141,-152.0
12142,-164.0
12143,-184.0
12144,-172.0
12145,-152.0
12146,-185.0
12147,-168.0
12148,-171.0
12149,-185.0
12150,-169.0
12151,-173.0
12152,-154.0
12153,-171.0
12154,-173.0
12155,-169.0
12156,-165.0
12157,-166.0
12158,-161.0
12159,-162.0
12160,-153.0
12161,-172.0
12162,-167.0
12163,-155.0
12164,-150.0
12165,-185.0
12166,-179.0
12167,-174.0
12168,-172.0
12169,-174.0
12170,-155.0
12171,-166.0
12172,-150.0
12173,-171.0
12174,-174.0
12175,-169.0
12176,-176.0
12177,-179.0
12178,-167.0
12179,-168.0
12180,-174.0
12181,-171.0
12182,-162.0
12183,-175.0
12184,-168.0
12185,-155.0
12186,-171.0
12187,-160.0
12188,-168.0
12189,-176.0
12190,-146.0
12191,-148.0
12192,-148.0
12193,-146.0
12194,-148.0
12195,-149.0
12196,-147.0
12197,-161.0
12198,-165.0
12199,-146.0
12200,-169.0
12201,-163.0
12202,-164.0
12203,-151.0
12204,-197.0
12205,-166.0
12206,-187.0
12207,-168.0
12208,-148.0
12209,-149.0
12210,-150.0
12211,-180.0
12212,-171.0
12213,-169.0
12214,-150.0
12215,-149.0
12216,-161.0
12217,-169.0
12218,-147.0
12219,-148.0
12220,-149.0
12221,-147.0
12222,-164.0
12223,-150.0
12224,-150.0
12225,-169.0
12226,-177.0
12227,-150.0
12228,-186.0
12229,-182.0
12230,-150.0
12231,-148.0
12232,-153.0
12233,-162.0
12234,-160.0
12235,-159.0
12236,-177.0
12237,-148.0
12238,-168.0
12239,-168.0
12240,-149.0
12241,-167.0
12242,-161.0
12243,-169.0
12244,-153.0
12245,-149.0
12246,-150.0
12247,-149.0
12248,-151.0
12249,-185.0
12250,-171.0
12251,-167.0
12252,-161.0
12253,-150.0
12254,-198.0
12255,-167.0
12256,-172.0
12257,-151.0
12258,-162.0
12259,-156.0
12260,-177.0
12261,-183.0
12262,-154.0
12263,-155.0
12264,-164.0
12265,-155.0
12266,-153.0
12267,-156.0
12268,-191.0
12269,-156.0
12270,-154.0
12271,-154.0
12272,-150.0
12273,-166.0
12274,-150.0
12275,-164.0
12276,-153.0
12277,-165.0
12278,-153.0
12279,-149.0
12280,-151.0
12281,-151.0
12282,-175.0
12283,-152.0
12284,-181.0
12285,-175.0
12286,-179.0
12287,-173.0
12288,-151.0
12289,-151.0
12290,-167.0
12291,-150.0
12292,-168.0
12293,-168.0
12294,-147.0
12295,-164.0
12296,-172.0
12297,-173.0
12298,-150.0
12299,-150.0
12300,-145.0
12301,-145.0
12302,-144.0
12303,-145.0
12304,-142.0
12305,-171.0
12306,-154.0
12307,-168.0
12308,-155.0
12309,-171.0
12310,-143.0
12311,-172.0
12312,-166.0
12313,-144.0
12314,-169.0
12315,-145.0
12316,-150.0
12317,-172.0
12318,-172.0
12319,-174.0
12320,-178.0
12321,-185.0
12322,-148.0
12323,-171.0
12324,-152.0
12325,-169.0
12326,-140.0
12327,-182.0
12328,-153.0
12329,-147.0
12330,-142.0
12331,-143.0
12332,-141.0
12333,-144.0
12334,-148.0
12335,-150.0
12336,-153.0
12337,-152.0
12338,-144.0
12339,-145.0
12340,-141.0
12341,-150.0
12342,-143.0
12343,-150.0
12344,-154.0
12345,-140.0
12346,-147.0
12347,-148.0
12348,-147.0
12349,-151.0
12350,-146.0
12351,-152.0
12352,-200.0
12353,-144.0
12354,-138.0
12355,-152.0
12356,-153.0
12357,-146.0
12358,-139.0
12359,-187.0
12360,-141.0
12361,-148.0
12362,-180.0
12363,-153.0
12364,-148.0
12365,-153.0
12366,-154.0
12367,-140.0
12368,-175.0
12369,-138.0
12370,-139.0
12371,-151.0
12372,-149.0
12373,-200.0
12374,-149.0
12375,-139.0
12376,-141.0
12377,-140.0
12378,-163.0
12379,-155.0
12380,-149.0
12381,-173.0
12382,-165.0
12383,-140.0
12384,-141.0
12385,-151.0
12386,-145.0
12387,-145.0
12388,-139.0
12389,-138.0
12390,-149.0
12391,-142.0
12392,-139.0
12393,-145.0
12394,-142.0
12395,-152.0
12396,-150.0
12397,-152.0
12398,-142.0
12399,-142.0
12400,-162.0
12401,-138.0
12402,-138.0
12403,-151.0
12404,-139.0
12405,-147.0
12406,-176.0
12407,-139.0
12408,-140.0
12409,-140.0
12410,-141.0
12411,-142.0
12412,-140.0
12413,-143.0
12414,-142.0
12415,-144.0
12416,-145.0
12417,-141.0
12418,-141.0
12419,-143.0
12420,-142.0
12421,-145.0
12422,-149.0
12423,-139.0
12424,-149.0
12425,-154.0
12426,-142.0
12427,-150.0
12428,-155.0
12429,-143.0
12430,-159.0
12431,-159.0
12432,-155.0
12433,-156.0
12434,-153.0
12435,-180.0
12436,-150.0
12437,-148.0
12438,-189.0
12439,-145.0
12440,-151.0
12441,-156.0
12442,-156.0
12443,-155.0
12444,-156.0
12445,-154.0
12446,-148.0
12447,-155.0
12448,-145.0
12449,-154.0
12450,-145.0
12451,-150.0
12452,-158.0
12453,-183.0
12454,-141.0
12455,-142.0
12456,-200.0
12457,-147.0
12458,-169.0
12459,-181.0
12460,-200.0
12461,-176.0
12462,-191.0
12463,-183.0
12464,-186.0
12465,-181.0
12466,-183.0
12467,-181.0
12468,-177.0
12469,-180.0
12470,-186.0
12471,-181.0
12472,-181.0
12473,-184.0
12474,-185.0
12475,-178.0
12476,-181.0
12477,-179.0
12478,-150.0
12479,-180.0
12480,-177.0
12481,-181.0
12482,-181.0
12483,-139.0
12484,-185.0
12485,-171.0
12486,-171.0
12487,-156.0
12488,-185.0
12489,-180.0
12490,-156.0
12491,-152.0
12492,-186.0
12493,-154.0
12494,-200.0
12495,-200.0
12496,-151.0
12497,-155.0
12498,-186.0
12499,-182.0
12500,-154.0
12501,-157.0
12502,-195.0
12503,-157.0
12504,-154.0
12505,-156.0
12506,-184.0
12507,-181.0
12508,-158.0
12509,-154.0
12510,-183.0
12511,-142.0
12512,-178.0
12513,-189.0
12514,-116.0
12515,-163.0
12516,-199.0
12517,-162.0
12518,-164.0
12519,-197.0
12520,-200.0
12521,-141.0
12522,-171.0
12523,-192.0
12524,-200.0
12525,-180.0
12526,-116.0
12527,-127.0
12528,-101.0
12529,-130.0
12530,-115.0
12531,-127.0
12532,-174.0
12533,-134.0
12534,-127.0
12535,-106.0
12536,-115.0
12537,-170.0
12538,-132.0
12539,-182.0
12540,-115.0
12541,-127.0
12542,-137.0
12543,-108.0
12544,-166.0
12545,-142.0
12546,-127.0
12547,-135.0
12548,-109.0
12549,-149.0
12550,-131.0
12551,-137.0
12552,-188.0
12553,-132.0
12554,-134.0
12555,-117.0
12556,-143.0
12557,-171.0
12558,-115.0
12559,-128.0
12560,-108.0
12561,-135.0
12562,-132.0
12563,-128.0
12564,-131.0
12565,-136.0
12566,-127.0
12567,-175.0
12568,-106.0
12569,-107.0
12570,-124.0
12571,-115.0
12572,-115.0
12573,-181.0
12574,-172.0
12575,-122.0
12576,-200.0
12577,-133.0
12578,-168.0
12579,-126.0
12580,-109.0
12581,-168.0
12582,-145.0
12583,-123.0
12584,-125.0
12585,-121.0
12586,-122.0
12587,-124.0
12588,-112.0
12589,-104.0
12590,-145.0
12591,-125.0
12592,-114.0
12593,-166.0
12594,-103.0
12595,-123.0
12596,-122.0
12597,-126.0
12598,-116.0
12599,-144.0
12600,-118.0
12601,-132.0
12602,-121.0
12603,-120.0
12604,-120.0
12605,-119.0
12606,-128.0
12607,-100.0
12608,-142.0
12609,-105.0
12610,-125.0
12611,-119.0
12612,-110.0
12613,-101.0
12614,-96.0
12615,-127.0
12616,-123.0
12617,-109.0
12618,-123.0
12619,-98.0
12620,-104.0
12621,-98.0
12622,-122.0
12623,-120.0
12624,-151.0
12625,-103.0
12626,-104.0
12627,-120.0
12628,-128.0
12629,-96.0
12630,-126.0
12631,-100.0
12632,-105.0
12633,-146.0
12634,-118.0
12635,-106.0
12636,-114.0
12637,-100.0
12638,-122.0
12639,-107.0
12640,-147.0
12641,-114.0
12642,-127.0
12643,-129.0
12644,-123.0
12645,-125.0
12646,-122.0
12647,-106.0
12648,-122.0
12649,-103.0
12650,-117.0
12651,-101.0
12652,-119.0
12653,-100.0
12654,-129.0
12655,-121.0
12656,-119.0
12657,-107.0
12658,-106.0
12659,-112.0
12660,-134.0
12661,-118.0
12662,-130.0
12663,-96.0
12664,-124.0
12665,-129.0
12666,-100.0
12667,-109.0
12668,-129.0
12669,-119.0
12670,-98.0
12671,-122.0
12672,-182.0
12673,-109.0
12674,-125.0
12675,-111.0
12676,-122.0
12677,-106.0
12678,-132.0
12679,-124.0
12680,-137.0
12681,-165.0
12682,-120.0
12683,-127.0
12684,-124.0
12685,-132.0
12686,-168.0
12687,-118.0
12688,-113.0
12689,-121.0
12690,-101.0
12691,-100.0
12692,-143.0
12693,-96.0
12694,-99.0
12695,-117.0
12696,-97.0
12697,-120.0
12698,-147.0
12699,-127.0
12700,-120.0
12701,-125.0
12702,-122.0
12703,-181.0
12704,-110.0
12705,-127.0
12706,-101.0
12707,-121.0
12708,-122.0
12709,-127.0
12710,-116.0
12711,-120.0
12712,-125.0
12713,-125.0
12714,-120.0
12715,-100.0
12716,-99.0
12717,-102.0
12718,-126.0
12719,-118.0
12720,-101.0
12721,-101.0
12722,-172.0
12723,-122.0
12724,-121.0
12725,-102.0
12726,-132.0
12727,-122.0
12728,-118.0
12729,-128.0
12730,-117.0
12731,-178.0
12732,-126.0
12733,-137.0
12734,-107.0
12735,-124.0
12736,-126.0
12737,-125.0
12738,-171.0
12739,-102.0
12740,-175.0
12741,-100.0
12742,-117.0
12743,-128.0
12744,-126.0
12745,-147.0
12746,-100.0
12747,-132.0
12748,-122.0
12749,-96.0
12750,-126.0
12751,-119.0
12752,-119.0
12753,-95.0
12754,-122.0
12755,-126.0
12756,-121.0
12757,-122.0
12758,-101.0
12759,-99.0
12760,-100.0
12761,-130.0
12762,-118.0
12763,-127.0
12764,-128.0
12765,-120.0
12766,-127.0
12767,-97.0
12768,-171.0
12769,-103.0
12770,-118.0
12771,-172.0
12772,-103.0
12773,-123.0
12774,-118.0
12775,-188.0
12776,-112.0
12777,-134.0
12778,-100.0
12779,-114.0
12780,-122.0
12781,-124.0
12782,-130.0
12783,-121.0
12784,-108.0
12785,-100.0
12786,-100.0
12787,-118.0
12788,-123.0
12789,-127.0
12790,-121.0
12791,-103.0
12792,-99.0
12793,-156.0
12794,-117.0
12795,-124.0
12796,-118.0
12797,-121.0
12798,-132.0
12799,-120.0
12800,-118.0
12801,-126.0
12802,-125.0
12803,-109.0
12804,-118.0
12805,-128.0
12806,-104.0
12807,-106.0
12808,-114.0
12809,-125.0
12810,-121.0
12811,-119.0
12812,-118.0
12813,-187.0
12814,-123.0
12815,-122.0
12816,-106.0
12817,-155.0
12818,-99.0
12819,-121.0
12820,-97.0
12821,-119.0
12822,-126.0
12823,-118.0
12824,-145.0
12825,-124.0
12826,-123.0
12827,-130.0
12828,-96.0
12829,-101.0
12830,-104.0
12831,-124.0
12832,-123.0
12833,-157.0
12834,-126.0
12835,-184.0
12836,-122.0
12837,-105.0
12838,-147.0
12839,-102.0
12840,-136.0
12841,-103.0
12842,-129.0
12843,-102.0
12844,-112.0
12845,-110.0
12846,-118.0
12847,-173.0
12848,-121.0
12849,-99.0
12850,-132.0
12851,-120.0
12852,-129.0
12853,-122.0
12854,-119.0
12855,-102.0
12856,-99.0
12857,-170.0
12858,-101.0
12859,-109.0
12860,-119.0
12861,-124.0
12862,-98.0
12863,-99.0
12864,-120.0
12865,-108.0
12866,-99.0
12867,-100.0
12868,-128.0
12869,-105.0
12870,-115.0
12871,-132.0
12872,-100.0
12873,-118.0
12874,-129.0
12875,-148.0
12876,-125.0
12877,-120.0
12878,-101.0
12879,-120.0
12880,-122.0
12881,-100.0
12882,-100.0
12883,-117.0
12884,-104.0
12885,-113.0
12886,-98.0
12887,-131.0
12888,-109.0
12889,-101.0
12890,-100.0
12891,-126.0
12892,-127.0
12893,-115.0
12894,-128.0
12895,-118.0
12896,-133.0
12897,-98.0
12898,-104.0
12899,-98.0
12900,-134.0
12901,-100.0
12902,-180.0
12903,-130.0
12904,-118.0
12905,-178.0
12906,-118.0
12907,-127.0
12908,-134.0
12909,-96.0
12910,-124.0
12911,-119.0
12912,-119.0
12913,-118.0
12914,-134.0
12915,-112.0
12916,-155.0
12917,-136.0
12918,-125.0
12919,-134.0
12920,-118.0
12921,-108.0
12922,-119.0
12923,-130.0
12924,-120.0
12925,-133.0
12926,-119.0
12927,-164.0
12928,-122.0
12929,-121.0
12930,-118.0
12931,-154.0
12932,-158.0
12933,-149.0
12934,-108.0
12935,-98.0
12936,-119.0
12937,-120.0
12938,-133.0
12939,-97.0
12940,-130.0
12941,-171.0
12942,-102.0
12943,-118.0
12944,-122.0
12945,-96.0
12946,-131.0
12947,-130.0
12948,-118.0
12949,-101.0
12950,-117.0
12951,-120.0
12952,-121.0
12953,-130.0
12954,-152.0
12955,-117.0
12956,-118.0
12957,-99.0
12958,-148.0
12959,-161.0
12960,-99.0
12961,-140.0
12962,-132.0
12963,-108.0
12964,-111.0
12965,-100.0
12966,-107.0
12967,-118.0
12968,-104.0
12969,-125.0
12970,-120.0
12971,-99.0
12972,-127.0
12973,-110.0
12974,-120.0
12975,-200.0
12976,-105.0
12977,-118.0
12978,-103.0
12979,-122.0
12980,-97.0
12981,-133.0
12982,-130.0
12983,-120.0
12984,-123.0
12985,-123.0
12986,-107.0
12987,-126.0
12988,-163.0
12989,-128.0
12990,-119.0
12991,-113.0
12992,-102.0
12993,-105.0
12994,-171.0
12995,-127.0
12996,-109.0
12997,-102.0
12998,-150.0
12999,-145.0
13000,-104.0
13001,-127.0
13002,-100.0
13003,-120.0
13004,-137.0
13005,-121.0
13006,-132.0
13007,-121.0
13008,-122.0
13009,-123.0
13010,-200.0
13011,-115.0
13012,-99.0
13013,-122.0
13014,-102.0
13015,-100.0
13016,-126.0
13017,-102.0
13018,-161.0
13019,-106.0
13020,-111.0
13021,-103.0
13022,-96.0
13023,-131.0
13024,-98.0
13025,-120.0
13026,-103.0
13027,-98.0
13028,-130.0
13029,-179.0
13030,-109.0
13031,-110.0
13032,-108.0
13033,-118.0
13034,-100.0
13035,-121.0
13036,-95.0
13037,-119.0
13038,-169.0
13039,-122.0
13040,-97.0
13041,-121.0
13042,-103.0
13043,-156.0
13044,-119.0
13045,-132.0
13046,-180.0
13047,-119.0
13048,-152.0
13049,-121.0
13050,-97.0
13051,-121.0
13052,-119.0
13053,-116.0
13054,-126.0
13055,-130.0
13056,-136.0
13057,-132.0
13058,-99.0
13059,-140.0
13060,-96.0
13061,-106.0
13062,-129.0
13063,-127.0
13064,-118.0
13065,-117.0
13066,-123.0
13067,-104.0
13068,-186.0
13069,-134.0
13070,-119.0
13071,-121.0
13072,-126.0
13073,-98.0
13074,-122.0
13075,-119.0
13076,-127.0
13077,-155.0
13078,-126.0
13079,-120.0
13080,-119.0
13081,-123.0
13082,-136.0
13083,-134.0
13084,-121.0
13085,-127.0
13086,-99.0
13087,-115.0
13088,-98.0
13089,-120.0
13090,-133.0
13091,-118.0
13092,-102.0
13093,-128.0
13094,-122.0
13095,-103.0
13096,-103.0
13097,-106.0
13098,-122.0
13099,-101.0
13100,-121.0
13101,-130.0
13102,-105.0
13103,-100.0
13104,-122.0
13105,-125.0
13106,-160.0
13107,-124.0
13108,-95.0
13109,-121.0
13110,-107.0
13111,-104.0
13112,-200.0
13113,-108.0
13114,-96.0
13115,-119.0
13116,-160.0
13117,-121.0
13118,-105.0
13119,-108.0
13120,-154.0
13121,-95.0
13122,-134.0
13123,-126.0
13124,-127.0
13125,-95.0
13126,-122.0
13127,-121.0
13128,-154.0
13129,-126.0
13130,-97.0
13131,-126.0
13132,-97.0
13133,-99.0
13134,-144.0
13135,-118.0
13136,-99.0
13137,-100.0
13138,-120.0
13139,-174.0
13140,-131.0
13141,-98.0
13142,-116.0
13143,-112.0
13144,-101.0
13145,-97.0
13146,-135.0
13147,-120.0
13148,-119.0
13149,-189.0
13150,-102.0
13151,-120.0
13152,-134.0
13153,-124.0
13154,-102.0
13155,-134.0
13156,-100.0
13157,-130.0
13158,-117.0
13159,-120.0
13160,-102.0
13161,-102.0
13162,-130.0
13163,-107.0
13164,-124.0
13165,-129.0
13166,-130.0
13167,-121.0
13168,-103.0
13169,-115.0
13170,-164.0
13171,-120.0
13172,-104.0
13173,-126.0
13174,-118.0
13175,-118.0
13176,-144.0
13177,-131.0
13178,-119.0
13179,-113.0
13180,-131.0
13181,-121.0
13182,-108.0
13183,-126.0
13184,-99.0
13185,-111.0
13186,-101.0
13187,-119.0
13188,-120.0
13189,-135.0
13190,-132.0
13191,-152.0
13192,-98.0
13193,-120.0
13194,-128.0
13195,-116.0
13196,-127.0
13197,-97.0
13198,-124.0
13199,-132.0
13200,-119.0
13201,-128.0
13202,-157.0
13203,-102.0
13204,-115.0
13205,-152.0
13206,-127.0
13207,-96.0
13208,-118.0
13209,-117.0
13210,-120.0
13211,-136.0
13212,-132.0
13213,-118.0
13214,-105.0
13215,-135.0
13216,-125.0
13217,-131.0
13218,-98.0
13219,-123.0
13220,-119.0
13221,-175.0
13222,-118.0
13223,-107.0
13224,-171.0
13225,-133.0
13226,-140.0
13227,-105.0
13228,-106.0
13229,-101.0
13230,-125.0
13231,-150.0
13232,-119.0
13233,-101.0
13234,-165.0
13235,-122.0
13236,-126.0
13237,-127.0
13238,-103.0
13239,-140.0
13240,-123.0
13241,-113.0
13242,-100.0
13243,-116.0
13244,-126.0
13245,-97.0
13246,-147.0
13247,-122.0
13248,-120.0
13249,-105.0
13250,-145.0
13251,-102.0
13252,-118.0
13253,-122.0
13254,-121.0
13255,-120.0
13256,-119.0
13257,-103.0
13258,-124.0
13259,-127.0
13260,-133.0
13261,-121.0
13262,-134.0
13263,-180.0
13264,-143.0
13265,-105.0
13266,-120.0
13267,-118.0
13268,-106.0
13269,-175.0
13270,-111.0
13271,-119.0
13272,-200.0
13273,-167.0
13274,-173.0
13275,-103.0
13276,-109.0
13277,-102.0
13278,-136.0
13279,-172.0
13280,-119.0
13281,-135.0
13282,-133.0
13283,-133.0
13284,-117.0
13285,-131.0
13286,-121.0
13287,-119.0
13288,-103.0
13289,-126.0
13290,-118.0
13291,-127.0
13292,-98.0
13293,-107.0
13294,-99.0
13295,-126.0
13296,-121.0
13297,-104.0
13298,-172.0
13299,-115.0
13300,-119.0
13301,-108.0
13302,-136.0
13303,-101.0
13304,-127.0
13305,-137.0
13306,-118.0
13307,-96.0
13308,-122.0
13309,-109.0
13310,-134.0
13311,-170.0
13312,-118.0
13313,-121.0
13314,-132.0
13315,-97.0
13316,-132.0
13317,-129.0
13318,-104.0
13319,-131.0
13320,-121.0
13321,-132.0
13322,-200.0
13323,-119.0
13324,-168.0
13325,-99.0
13326,-121.0
13327,-120.0
13328,-101.0
13329,-168.0
13330,-112.0
13331,-129.0
13332,-118.0
13333,-118.0
13334,-120.0
13335,-118.0
13336,-118.0
13337,-138.0
13338,-100.0
13339,-102.0
13340,-134.0
13341,-135.0
13342,-95.0
13343,-119.0
13344,-119.0
13345,-134.0
13346,-130.0
13347,-140.0
13348,-121.0
13349,-161.0
13350,-161.0
13351,-134.0
13352,-131.0
13353,-121.0
13354,-132.0
13355,-119.0
13356,-98.0
13357,-139.0
13358,-120.0
13359,-194.0
13360,-125.0
13361,-122.0
13362,-177.0
13363,-123.0
13364,-121.0
13365,-105.0
13366,-133.0
13367,-180.0
13368,-130.0
13369,-150.0
13370,-133.0
13371,-132.0
13372,-128.0
13373,-122.0
13374,-97.0
13375,-109.0
13376,-118.0
13377,-118.0
13378,-96.0
13379,-150.0
13380,-98.0
13381,-117.0
13382,-118.0
13383,-127.0
13384,-129.0
13385,-132.0
13386,-105.0
13387,-133.0
13388,-99.0
13389,-118.0
13390,-131.0
13391,-118.0
13392,-119.0
13393,-110.0
13394,-101.0
13395,-127.0
13396,-127.0
13397,-126.0
13398,-131.0
13399,-131.0
13400,-108.0
13401,-100.0
13402,-119.0
13403,-123.0
13404,-134.0
13405,-148.0
13406,-99.0
13407,-103.0
13408,-97.0
13409,-131.0
13410,-132.0
13411,-104.0
13412,-96.0
13413,-100.0
13414,-119.0
13415,-122.0
13416,-129.0
13417,-119.0
13418,-128.0
13419,-126.0
13420,-103.0
13421,-113.0
13422,-103.0
13423,-118.0
13424,-131.0
13425,-104.0
13426,-95.0
13427,-119.0
13428,-177.0
13429,-136.0
13430,-99.0
13431,-174.0
13432,-132.0
13433,-121.0
13434,-100.0
13435,-94.0
13436,-118.0
13437,-120.0
13438,-158.0
13439,-132.0
13440,-120.0
13441,-111.0
13442,-119.0
13443,-133.0
13444,-121.0
13445,-99.0
13446,-117.0
13447,-133.0
13448,-122.0
13449,-133.0
13450,-145.0
13451,-190.0
13452,-111.0
13453,-127.0
13454,-132.0
13455,-117.0
13456,-133.0
13457,-96.0
13458,-111.0
13459,-119.0
13460,-144.0
13461,-119.0
13462,-134.0
13463,-131.0
13464,-123.0
13465,-122.0
13466,-115.0
13467,-122.0
13468,-113.0
13469,-187.0
13470,-98.0
13471,-103.0
13472,-134.0
13473,-98.0
13474,-134.0
13475,-118.0
13476,-136.0
13477,-110.0
13478,-139.0
13479,-127.0
13480,-95.0
13481,-121.0
13482,-119.0
13483,-140.0
13484,-132.0
13485,-142.0
13486,-121.0
13487,-119.0
13488,-118.0
13489,-120.0
13490,-97.0
13491,-97.0
13492,-143.0
13493,-119.0
13494,-100.0
13495,-127.0
13496,-114.0
13497,-115.0
13498,-120.0
13499,-97.0
13500,-103.0
13501,-122.0
13502,-143.0
13503,-126.0
13504,-112.0
13505,-146.0
13506,-97.0
13507,-127.0
13508,-129.0
13509,-119.0
13510,-107.0
13511,-93.0
13512,-118.0
13513,-117.0
13514,-120.0
13515,-132.0
13516,-122.0
13517,-167.0
13518,-126.0
13519,-101.0
13520,-195.0
13521,-108.0
13522,-133.0
13523,-118.0
13524,-129.0
13525,-96.0
13526,-103.0
13527,-98.0
13528,-120.0
13529,-118.0
13530,-133.0
13531,-119.0
13532,-105.0
13533,-102.0
13534,-148.0
13535,-118.0
13536,-106.0
13537,-123.0
13538,-111.0
13539,-123.0
13540,-134.0
13541,-107.0
13542,-97.0
13543,-119.0
13544,-118.0
13545,-95.0
13546,-124.0
13547,-132.0
13548,-96.0
13549,-132.0
13550,-118.0
13551,-106.0
13552,-117.0
13553,-104.0
13554,-99.0
13555,-123.0
13556,-126.0
13557,-120.0
13558,-115.0
13559,-116.0
13560,-99.0
13561,-132.0
13562,-129.0
13563,-97.0
13564,-104.0
13565,-127.0
13566,-165.0
13567,-130.0
13568,-149.0
13569,-122.0
13570,-128.0
13571,-135.0
13572,-130.0
13573,-130.0
13574,-132.0
13575,-133.0
13576,-119.0
13577,-118.0
13578,-143.0
13579,-123.0
13580,-132.0
13581,-120.0
13582,-103.0
13583,-97.0
13584,-119.0
13585,-117.0
13586,-124.0
13587,-122.0
13588,-166.0
13589,-99.0
13590,-126.0
13591,-98.0
13592,-108.0
13593,-99.0
13594,-133.0
13595,-120.0
13596,-126.0
13597,-116.0
13598,-134.0
13599,-155.0
13600,-119.0
13601,-130.0
13602,-98.0
13603,-131.0
13604,-125.0
13605,-169.0
13606,-131.0
13607,-121.0
13608,-103.0
13609,-104.0
13610,-108.0
13611,-95.0
13612,-108.0
13613,-102.0
13614,-124.0
13615,-97.0
13616,-169.0
13617,-97.0
13618,-119.0
13619,-128.0
13620,-113.0
13621,-102.0
13622,-112.0
13623,-98.0
13624,-102.0
13625,-152.0
13626,-174.0
13627,-99.0
13628,-172.0
13629,-135.0
13630,-200.0
13631,-119.0
13632,-122.0
13633,-98.0
13634,-170.0
13635,-129.0
13636,-165.0
13637,-99.0
13638,-107.0
13639,-114.0
13640,-122.0
13641,-135.0
13642,-108.0
13643,-154.0
13644,-101.0
13645,-125.0
13646,-110.0
13647,-126.0
13648,-140.0
13649,-126.0
13650,-140.0
13651,-106.0
13652,-125.0
13653,-109.0
13654,-136.0
13655,-125.0
13656,-129.0
13657,-113.0
13658,-128.0
13659,-120.0
13660,-100.0
13661,-154.0
13662,-139.0
13663,-101.0
13664,-115.0
13665,-108.0
13666,-134.0
13667,-131.0
13668,-100.0
13669,-130.0
13670,-140.0
13671,-119.0
13672,-101.0
13673,-131.0
13674,-120.0
13675,-98.0
13676,-113.0
13677,-132.0
13678,-131.0
13679,-121.0
13680,-109.0
13681,-126.0
13682,-129.0
13683,-117.0
13684,-123.0
13685,-133.0
13686,-121.0
13687,-102.0
13688,-131.0
13689,-123.0
13690,-131.0
13691,-132.0
13692,-118.0
13693,-108.0
13694,-118.0
13695,-96.0
13696,-139.0
13697,-110.0
13698,-100.0
13699,-128.0
13700,-146.0
13701,-128.0
13702,-130.0
13703,-107.0
13704,-98.0
13705,-119.0
13706,-131.0
13707,-98.0
13708,-114.0
13709,-100.0
13710,-102.0
13711,-130.0
13712,-129.0
13713,-117.0
13714,-104.0
13715,-126.0
13716,-121.0
13717,-101.0
13718,-117.0
13719,-101.0
13720,-128.0
13721,-117.0
13722,-98.0
13723,-103.0
13724,-121.0
13725,-118.0
13726,-107.0
13727,-130.0
13728,-101.0
13729,-113.0
13730,-127.0
13731,-116.0
13732,-140.0
13733,-120.0
13734,-114.0
13735,-104.0
13736,-101.0
13737,-121.0
13738,-121.0
13739,-118.0
13740,-123.0
13741,-158.0
13742,-133.0
13743,-132.0
13744,-100.0
13745,-123.0
13746,-116.0
13747,-123.0
13748,-119.0
13749,-132.0
13750,-126.0
13751,-123.0
13752,-103.0
13753,-120.0
13754,-118.0
13755,-119.0
13756,-105.0
13757,-166.0
13758,-99.0
13759,-96.0
13760,-170.0
13761,-121.0
13762,-118.0
13763,-115.0
13764,-106.0
13765,-132.0
13766,-98.0
13767,-98.0
13768,-102.0
13769,-131.0
13770,-102.0
13771,-167.0
13772,-132.0
13773,-119.0
13774,-126.0
13775,-106.0
13776,-118.0
13777,-121.0
13778,-96.0
13779,-109.0
13780,-100.0
13781,-102.0
13782,-129.0
13783,-111.0
13784,-105.0
13785,-126.0
13786,-100.0
13787,-103.0
13788,-101.0
13789,-131.0
13790,-95.0
13791,-126.0
13792,-131.0
13793,-118.0
13794,-96.0
13795,-118.0
13796,-100.0
13797,-132.0
13798,-104.0
13799,-99.0
13800,-117.0
13801,-105.0
13802,-98.0
13803,-99.0
13804,-120.0
13805,-118.0
13806,-99.0
13807,-119.0
13808,-100.0
13809,-121.0
13810,-119.0
13811,-99.0
13812,-133.0
13813,-104.0
13814,-126.0
13815,-123.0
13816,-124.0
13817,-103.0
13818,-99.0
13819,-102.0
13820,-131.0
13821,-100.0
13822,-98.0
13823,-114.0
13824,-163.0
13825,-95.0
13826,-119.0
13827,-99.0
13828,-131.0
13829,-103.0
13830,-120.0
13831,-103.0
13832,-101.0
13833,-130.0
13834,-133.0
13835,-134.0
13836,-118.0
13837,-121.0
13838,-119.0
13839,-121.0
13840,-142.0
13841,-129.0
13842,-103.0
13843,-126.0
13844,-97.0
13845,-156.0
13846,-118.0
13847,-123.0
13848,-127.0
13849,-185.0
13850,-99.0
13851,-121.0
13852,-102.0
13853,-107.0
13854,-119.0
13855,-99.0
13856,-129.0
13857,-163.0
13858,-132.0
13859,-102.0
13860,-120.0
13861,-126.0
13862,-116.0
13863,-106.0
13864,-129.0
13865,-119.0
13866,-121.0
13867,-117.0
13868,-130.0
13869,-130.0
13870,-118.0
13871,-127.0
13872,-120.0
13873,-118.0
13874,-195.0
13875,-106.0
13876,-148.0
13877,-132.0
13878,-142.0
13879,-120.0
13880,-131.0
13881,-118.0
13882,-176.0
13883,-130.0
13884,-106.0
13885,-120.0
13886,-111.0
13887,-130.0
13888,-102.0
13889,-129.0
13890,-179.0
13891,-123.0
13892,-128.0
13893,-100.0
13894,-106.0
13895,-120.0
13896,-104.0
13897,-111.0
13898,-134.0
13899,-128.0
13900,-124.0
13901,-174.0
13902,-119.0
13903,-122.0
13904,-132.0
13905,-136.0
13906,-133.0
13907,-119.0
13908,-107.0
13909,-129.0
13910,-154.0
13911,-118.0
13912,-122.0
13913,-141.0
13914,-122.0
13915,-98.0
13916,-128.0
13917,-104.0
13918,-99.0
13919,-118.0
13920,-105.0
13921,-121.0
13922,-104.0
13923,-108.0
13924,-107.0
13925,-114.0
13926,-133.0
13927,-136.0
13928,-100.0
13929,-106.0
13930,-117.0
13931,-127.0
13932,-109.0
13933,-130.0
13934,-149.0
13935,-103.0
13936,-137.0
13937,-100.0
13938,-133.0
13939,-141.0
13940,-110.0
13941,-108.0
13942,-134.0
13943,-133.0
13944,-97.0
13945,-102.0
13946,-108.0
13947,-110.0
13948,-125.0
13949,-126.0
13950,-135.0
13951,-124.0
13952,-148.0
13953,-97.0
13954,-104.0
13955,-156.0
13956,-121.0
13957,-128.0
13958,-147.0
13959,-104.0
13960,-98.0
13961,-119.0
13962,-131.0
13963,-136.0
13964,-134.0
13965,-132.0
13966,-134.0
13967,-122.0
13968,-115.0
13969,-174.0
13970,-136.0
13971,-123.0
13972,-98.0
13973,-120.0
13974,-102.0
13975,-102.0
13976,-99.0
13977,-168.0
13978,-135.0
13979,-120.0
13980,-118.0
13981,-134.0
13982,-131.0
13983,-108.0
13984,-129.0
13985,-138.0
13986,-117.0
13987,-120.0
13988,-123.0
13989,-108.0
13990,-99.0
13991,-129.0
13992,-133.0
13993,-125.0
13994,-97.0
13995,-95.0
13996,-131.0
13997,-130.0
13998,-97.0
13999,-100.0
14000,-121.0
14001,-101.0
14002,-127.0
14003,-116.0
14004,-129.0
14005,-116.0
14006,-104.0
14007,-101.0
14008,-101.0
14009,-102.0
14010,-117.0
14011,-107.0
14012,-117.0
14013,-131.0
14014,-134.0
14015,-111.0
14016,-119.0
14017,-127.0
14018,-111.0
14019,-131.0
14020,-135.0
14021,-95.0
14022,-99.0
14023,-115.0
14024,-95.0
14025,-102.0
14026,-128.0
14027,-127.0
14028,-96.0
14029,-137.0
14030,-102.0
14031,-98.0
14032,-122.0
14033,-106.0
14034,-120.0
14035,-105.0
14036,-118.0
14037,-156.0
14038,-100.0
14039,-95.0
14040,-105.0
14041,-125.0
14042,-120.0
14043,-129.0
14044,-119.0
14045,-99.0
14046,-96.0
14047,-118.0
14048,-110.0
14049,-152.0
14050,-117.0
14051,-131.0
14052,-128.0
14053,-119.0
14054,-124.0
14055,-121.0
14056,-127.0
14057,-119.0
14058,-143.0
14059,-133.0
14060,-122.0
14061,-132.0
14062,-118.0
14063,-120.0
14064,-136.0
14065,-176.0
14066,-122.0
14067,-196.0
14068,-118.0
14069,-132.0
14070,-121.0
14071,-122.0
14072,-122.0
14073,-106.0
14074,-110.0
14075,-100.0
14076,-122.0
14077,-169.0
14078,-100.0
14079,-165.0
14080,-133.0
14081,-170.0
14082,-114.0
14083,-98.0
14084,-129.0
14085,-133.0
14086,-100.0
14087,-121.0
14088,-153.0
14089,-95.0
14090,-120.0
14091,-97.0
14092,-120.0
14093,-119.0
14094,-130.0
14095,-125.0
14096,-138.0
14097,-101.0
14098,-127.0
14099,-128.0
14100,-120.0
14101,-103.0
14102,-161.0
14103,-179.0
14104,-102.0
14105,-119.0
14106,-125.0
14107,-119.0
14108,-125.0
14109,-122.0
14110,-117.0
14111,-101.0
14112,-100.0
14113,-156.0
14114,-129.0
14115,-100.0
14116,-105.0
14117,-126.0
14118,-122.0
14119,-118.0
14120,-110.0
14121,-118.0
14122,-120.0
14123,-126.0
14124,-120.0
14125,-132.0
14126,-147.0
14127,-118.0
14128,-120.0
14129,-122.0
14130,-101.0
14131,-96.0
14132,-117.0
14133,-125.0
14134,-132.0
14135,-119.0
14136,-121.0
14137,-119.0
14138,-136.0
14139,-124.0
14140,-102.0
14141,-119.0
14142,-110.0
14143,-99.0
14144,-132.0
14145,-122.0
14146,-133.0
14147,-118.0
14148,-108.0
14149,-106.0
14150,-96.0
14151,-118.0
14152,-98.0
14153,-119.0
14154,-147.0
14155,-121.0
14156,-130.0
14157,-126.0
14158,-143.0
14159,-128.0
14160,-108.0
14161,-112.0
14162,-151.0
14163,-129.0
14164,-115.0
14165,-117.0
14166,-98.0
14167,-119.0
14168,-119.0
14169,-120.0
14170,-200.0
14171,-128.0
14172,-106.0
14173,-132.0
14174,-132.0
14175,-103.0
14176,-132.0
14177,-135.0
14178,-98.0
14179,-121.0
14180,-121.0
14181,-136.0
14182,-135.0
14183,-122.0
14184,-122.0
14185,-122.0
14186,-140.0
14187,-106.0
14188,-135.0
14189,-102.0
14190,-101.0
14191,-97.0
14192,-128.0
14193,-126.0
14194,-144.0
14195,-126.0
14196,-107.0
14197,-104.0
14198,-115.0
14199,-137.0
14200,-127.0
14201,-120.0
14202,-120.0
14203,-116.0
14204,-126.0
14205,-177.0
14206,-131.0
14207,-116.0
14208,-118.0
14209,-122.0
14210,-109.0
14211,-120.0
14212,-130.0
14213,-98.0
14214,-132.0
14215,-118.0
14216,-117.0
14217,-132.0
14218,-98.0
14219,-120.0
14220,-131.0
14221,-116.0
14222,-180.0
14223,-190.0
14224,-195.0
14225,-95.0
14226,-134.0
14227,-172.0
14228,-129.0
14229,-166.0
14230,-118.0
14231,-188.0
14232,-150.0
14233,-130.0
14234,-140.0
14235,-100.0
14236,-200.0
14237,-199.0
14238,-200.0
14239,-115.0
14240,-147.0
14241,-200.0
14242,-105.0
14243,-105.0
14244,-128.0
14245,-125.0
14246,-106.0
14247,-173.0
14248,-128.0
14249,-105.0
14250,-109.0
14251,-133.0
14252,-117.0
14253,-104.0
14254,-102.0
14255,-107.0
14256,-126.0
14257,-163.0
14258,-129.0
14259,-122.0
14260,-173.0
14261,-124.0
14262,-124.0
14263,-143.0
14264,-126.0
14265,-124.0
14266,-137.0
14267,-171.0
14268,-200.0
14269,-111.0
14270,-170.0
14271,-195.0
14272,-200.0
14273,-163.0
14274,-165.0
14275,-179.0
14276,-200.0
14277,-138.0
14278,-148.0
14279,-188.0
14280,-192.0
14281,-200.0
14282,-134.0
14283,-190.0
14284,-176.0
14285,-180.0
14286,-141.0
14287,-184.0
14288,-198.0
14289,-168.0
14290,-198.0
14291,-197.0
14292,-130.0
14293,-180.0
14294,-191.0
14295,-200.0
14296,-200.0
14297,-175.0
14298,-188.0
14299,-131.0
14300,-134.0
14301,-95.0
14302,-130.0
14303,-181.0
14304,-179.0
14305,-162.0
14306,-161.0
14307,-200.0
14308,-164.0
14309,-122.0
14310,-164.0
14311,-181.0
14312,-182.0
14313,-115.0
14314,-179.0
14315,-200.0
14316,-194.0
14317,-182.0
14318,-192.0
14319,-138.0
14320,-164.0
14321,-159.0
14322,-200.0
14323,-128.0
14324,-103.0
14325,-140.0
14326,-111.0
14327,-130.0
14328,-116.0
14329,-130.0
14330,-200.0
14331,-128.0
14332,-136.0
14333,-136.0
14334,-163.0
14335,-135.0
14336,-186.0
14337,-160.0
14338,-200.0
14339,-165.0
14340,-139.0
14341,-118.0
14342,-179.0
14343,-200.0
14344,-103.0
14345,-108.0
14346,-169.0
14347,-145.0
14348,-99.0
14349,-132.0
14350,-161.0
14351,-132.0
14352,-170.0
14353,-160.0
14354,-131.0
14355,-145.0
14356,-94.0
14357,-90.0
14358,-92.0
14359,-105.0
14360,-125.0
14361,-112.0
14362,-92.0
14363,-117.0
14364,-97.0
14365,-177.0
14366,-89.0
14367,-162.0
14368,-115.0
14369,-132.0
14370,-94.0
14371,-138.0
14372,-177.0
14373,-137.0
14374,-161.0
14375,-163.0
14376,-198.0
14377,-116.0
14378,-126.0
14379,-131.0
14380,-97.0
14381,-186.0
14382,-163.0
14383,-170.0
14384,-177.0
14385,-197.0
14386,-121.0
14387,-125.0
14388,-128.0
14389,-123.0
14390,-183.0
14391,-192.0
14392,-117.0
14393,-94.0
14394,-168.0
14395,-133.0
14396,-127.0
14397,-139.0
14398,-130.0
14399,-161.0
14400,-164.0
14401,-163.0
14402,-198.0
14403,-162.0
14404,-162.0
14405,-193.0
14406,-183.0
14407,-200.0
14408,-166.0
14409,-129.0
14410,-134.0
14411,-176.0
14412,-169.0
14413,-185.0
14414,-200.0
14415,-165.0
14416,-186.0
14417,-198.0
14418,-188.0
14419,-161.0
14420,-197.0
14421,-182.0
14422,-162.0
14423,-194.0
14424,-184.0
14425,-168.0
14426,-183.0
14427,-161.0
14428,-178.0
14429,-163.0
14430,-166.0
14431,-196.0
14432,-187.0
14433,-189.0
14434,-163.0
14435,-170.0
14436,-173.0
14437,-162.0
14438,-197.0
14439,-163.0
14440,-200.0
14441,-178.0
14442,-200.0
14443,-161.0
14444,-163.0
14445,-196.0
14446,-177.0
14447,-190.0
14448,-200.0
14449,-200.0
14450,-139.0
14451,-161.0
14452,-163.0
14453,-158.0
14454,-177.0
14455,-180.0
14456,-183.0
14457,-182.0
14458,-138.0
14459,-183.0
14460,-174.0
14461,-185.0
14462,-157.0
14463,-200.0
14464,-167.0
14465,-138.0
14466,-162.0
14467,-113.0
14468,-164.0
14469,-184.0
14470,-193.0
14471,-165.0
14472,-163.0
14473,-158.0
14474,-163.0
14475,-199.0
14476,-186.0
14477,-200.0
14478,-115.0
14479,-165.0
14480,-166.0
14481,-183.0
14482,-197.0
14483,-158.0
14484,-147.0
14485,-159.0
14486,-165.0
14487,-176.0
14488,-160.0
14489,-177.0
14490,-162.0
14491,-182.0
14492,-182.0
14493,-159.0
14494,-160.0
14495,-178.0
14496,-162.0
14497,-158.0
14498,-163.0
14499,-181.0
14500,-159.0
14501,-187.0
14502,-178.0
14503,-181.0
14504,-182.0
14505,-177.0
14506,-177.0
14507,-175.0
14508,-156.0
14509,-161.0
14510,-172.0
14511,-174.0
14512,-200.0
14513,-160.0
14514,-186.0
14515,-164.0
14516,-155.0
14517,-163.0
14518,-194.0
14519,-189.0
14520,-162.0
14521,-192.0
14522,-164.0
14523,-188.0
14524,-162.0
14525,-194.0
14526,-189.0
14527,-171.0
14528,-196.0
14529,-179.0
14530,-160.0
14531,-159.0
14532,-157.0
14533,-188.0
14534,-177.0
14535,-194.0
14536,-200.0
14537,-190.0
14538,-162.0
14539,-161.0
14540,-158.0
14541,-185.0
14542,-189.0
14543,-159.0
14544,-159.0
14545,-187.0
14546,-160.0
14547,-101.0
14548,-160.0
14549,-158.0
14550,-158.0
14551,-158.0
14552,-190.0
14553,-160.0
14554,-184.0
14555,-156.0
14556,-176.0
14557,-173.0
14558,-177.0
14559,-114.0
14560,-193.0
14561,-179.0
14562,-180.0
14563,-184.0
14564,-155.0
14565,-157.0
14566,-181.0
14567,-158.0
14568,-156.0
14569,-153.0
14570,-156.0
14571,-157.0
14572,-194.0
14573,-192.0
14574,-160.0
14575,-184.0
14576,-190.0
14577,-166.0
14578,-189.0
14579,-190.0
14580,-154.0
14581,-159.0
14582,-195.0
14583,-156.0
14584,-181.0
14585,-180.0
14586,-187.0
14587,-177.0
14588,-156.0
14589,-193.0
14590,-160.0
14591,-178.0
14592,-190.0
14593,-187.0
14594,-184.0
14595,-161.0
14596,-193.0
14597,-161.0
14598,-192.0
14599,-160.0
14600,-194.0
14601,-161.0
14602,-158.0
14603,-154.0
14604,-156.0
14605,-172.0
14606,-157.0
14607,-162.0
14608,-190.0
14609,-155.0
14610,-155.0
14611,-157.0
14612,-159.0
14613,-192.0
14614,-180.0
14615,-193.0
14616,-195.0
14617,-156.0
14618,-181.0
14619,-188.0
14620,-187.0
14621,-178.0
14622,-163.0
14623,-200.0
14624,-159.0
14625,-200.0
14626,-155.0
14627,-158.0
14628,-198.0
14629,-133.0
14630,-155.0
14631,-159.0
14632,-191.0
14633,-159.0
14634,-200.0
14635,-158.0
14636,-158.0
14637,-157.0
14638,-159.0
14639,-155.0
14640,-200.0
14641,-192.0
14642,-200.0
14643,-200.0
14644,-200.0
14645,-158.0
14646,-161.0
14647,-156.0
14648,-159.0
14649,-200.0
14650,-158.0
14651,-159.0
14652,-157.0
14653,-157.0
14654,-162.0
14655,-192.0
14656,-160.0
14657,-160.0
14658,-200.0
14659,-155.0
14660,-158.0
14661,-189.0
14662,-156.0
14663,-157.0
14664,-158.0
14665,-156.0
14666,-153.0
14667,-163.0
14668,-154.0
14669,-156.0
14670,-156.0
14671,-152.0
14672,-200.0
14673,-156.0
14674,-155.0
14675,-200.0
14676,-159.0
14677,-200.0
14678,-200.0
14679,-156.0
14680,-154.0
14681,-200.0
14682,-156.0
14683,-153.0
14684,-154.0
14685,-154.0
14686,-200.0
14687,-151.0
14688,-152.0
14689,-152.0
14690,-153.0
14691,-157.0
14692,-157.0
14693,-152.0
14694,-160.0
14695,-200.0
14696,-154.0
14697,-157.0
14698,-159.0
14699,-200.0
14700,-157.0
14701,-125.0
14702,-151.0
14703,-158.0
14704,-143.0
14705,-129.0
14706,-200.0
14707,-155.0
14708,-154.0
14709,-144.0
14710,-159.0
14711,-159.0
14712,-179.0
14713,-153.0
14714,-157.0
14715,-159.0
14716,-160.0
14717,-152.0
14718,-155.0
14719,-158.0
14720,-159.0
14721,-200.0
14722,-156.0
14723,-200.0
14724,-162.0
14725,-164.0
14726,-158.0
14727,-152.0
14728,-121.0
14729,-162.0
14730,-151.0
14731,-153.0
14732,-157.0
14733,-200.0
14734,-121.0
14735,-159.0
14736,-155.0
14737,-158.0
14738,-155.0
14739,-152.0
14740,-143.0
14741,-123.0
14742,-155.0
14743,-160.0
14744,-156.0
14745,-156.0
14746,-163.0
14747,-154.0
14748,-156.0
14749,-160.0
14750,-200.0
14751,-149.0
14752,-161.0
14753,-160.0
14754,-154.0
14755,-155.0
14756,-159.0
14757,-191.0
14758,-200.0
14759,-152.0
14760,-164.0
14761,-122.0
14762,-153.0
14763,-155.0
14764,-155.0
14765,-200.0
14766,-121.0
14767,-139.0
14768,-143.0
14769,-152.0
14770,-152.0
14771,-167.0
14772,-190.0
14773,-154.0
14774,-153.0
14775,-154.0
14776,-154.0
14777,-149.0
14778,-154.0
14779,-154.0
14780,-188.0
14781,-155.0
14782,-155.0
14783,-154.0
14784,-157.0
14785,-152.0
14786,-139.0
14787,-200.0
14788,-154.0
14789,-155.0
14790,-155.0
14791,-155.0
14792,-151.0
14793,-137.0
14794,-157.0
14795,-152.0
14796,-157.0
14797,-152.0
14798,-151.0
14799,-122.0
14800,-151.0
14801,-132.0
14802,-154.0
14803,-158.0
14804,-200.0
14805,-160.0
14806,-154.0
14807,-155.0
14808,-158.0
14809,-161.0
14810,-187.0
14811,-121.0
14812,-156.0
14813,-157.0
14814,-158.0
14815,-161.0
14816,-121.0
14817,-157.0
14818,-156.0
14819,-158.0
14820,-156.0
14821,-157.0
14822,-159.0
14823,-155.0
14824,-159.0
14825,-156.0
14826,-159.0
14827,-159.0
14828,-200.0
14829,-163.0
14830,-162.0
14831,-120.0
14832,-124.0
14833,-161.0
14834,-200.0
14835,-157.0
14836,-158.0
14837,-159.0
14838,-200.0
14839,-162.0
14840,-160.0
14841,-158.0
14842,-122.0
14843,-160.0
14844,-157.0
14845,-156.0
14846,-153.0
14847,-151.0
14848,-152.0
14849,-200.0
14850,-182.0
14851,-200.0
14852,-200.0
14853,-119.0
14854,-128.0
14855,-200.0
14856,-200.0
14857,-200.0
14858,-200.0
14859,-200.0
14860,-200.0
14861,-171.0
14862,-176.0
14863,-200.0
14864,-121.0
14865,-200.0
14866,-190.0
14867,-113.0
14868,-122.0
14869,-115.0
14870,-194.0
14871,-110.0
14872,-183.0
14873,-125.0
14874,-178.0
14875,-192.0
14876,-200.0
14877,-113.0
14878,-134.0
14879,-124.0
14880,-188.0
14881,-109.0
14882,-114.0
14883,-111.0
14884,-111.0
14885,-179.0
14886,-118.0
14887,-180.0
14888,-191.0
14889,-200.0
14890,-122.0
14891,-107.0
14892,-177.0
14893,-123.0
14894,-177.0
14895,-117.0
14896,-164.0
14897,-138.0
14898,-151.0
14899,-117.0
14900,-152.0
14901,-149.0
14902,-155.0
14903,-107.0
14904,-149.0
14905,-153.0
14906,-154.0
14907,-106.0
14908,-141.0
14909,-153.0
14910,-91.0
14911,-164.0
14912,-164.0
14913,-155.0
14914,-108.0
14915,-120.0
14916,-159.0
14917,-105.0
14918,-135.0
14919,-107.0
14920,-87.0
14921,-156.0
14922,-170.0
14923,-153.0
14924,-116.0
14925,-113.0
14926,-168.0
14927,-140.0
14928,-106.0
14929,-158.0
14930,-163.0
14931,-118.0
14932,-135.0
14933,-163.0
14934,-111.0
14935,-168.0
14936,-147.0
14937,-84.0
14938,-168.0
14939,-116.0
14940,-89.0
14941,-106.0
14942,-106.0
14943,-108.0
14944,-154.0
14945,-140.0
14946,-150.0
14947,-155.0
14948,-116.0
14949,-108.0
14950,-151.0
14951,-86.0
14952,-107.0
14953,-87.0
14954,-119.0
14955,-118.0
14956,-108.0
14957,-107.0
14958,-172.0
14959,-118.0
14960,-93.0
14961,-92.0
14962,-107.0
14963,-117.0
14964,-120.0
14965,-85.0
14966,-154.0
14967,-121.0
14968,-108.0
14969,-168.0
14970,-154.0
14971,-118.0
14972,-120.0
14973,-146.0
14974,-118.0
14975,-151.0
14976,-110.0
14977,-152.0
14978,-137.0
14979,-146.0
14980,-146.0
14981,-147.0
14982,-93.0
14983,-108.0
14984,-109.0
14985,-157.0
14986,-115.0
14987,-107.0
14988,-107.0
14989,-107.0
14990,-107.0
14991,-107.0
14992,-137.0
14993,-150.0
14994,-149.0
14995,-108.0
14996,-147.0
14997,-153.0
14998,-151.0
14999,-140.0
15000,-153.0
15001,-169.0
15002,-115.0
15003,-85.0
15004,-157.0
15005,-111.0
15006,-110.0
15007,-169.0
15008,-170.0
15009,-152.0
15010,-114.0
15011,-151.0
15012,-107.0
15013,-150.0
15014,-154.0
15015,-108.0
15016,-108.0
15017,-107.0
15018,-149.0
15019,-155.0
15020,-148.0
15021,-154.0
15022,-137.0
15023,-117.0
15024,-150.0
15025,-119.0
15026,-148.0
15027,-149.0
15028,-106.0
15029,-151.0
15030,-115.0
15031,-150.0
15032,-152.0
15033,-114.0
15034,-149.0
15035,-168.0
15036,-114.0
15037,-150.0
15038,-106.0
15039,-152.0
15040,-113.0
15041,-113.0
15042,-152.0
15043,-154.0
15044,-118.0
15045,-114.0
15046,-135.0
15047,-151.0
15048,-155.0
15049,-162.0
15050,-115.0
15051,-113.0
15052,-153.0
15053,-115.0
15054,-146.0
15055,-135.0
15056,-115.0
15057,-116.0
15058,-113.0
15059,-114.0
15060,-89.0
15061,-107.0
15062,-113.0
15063,-89.0
15064,-146.0
15065,-168.0
15066,-156.0
15067,-109.0
15068,-88.0
15069,-169.0
15070,-115.0
15071,-150.0
15072,-107.0
15073,-147.0
15074,-113.0
15075,-137.0
15076,-139.0
15077,-112.0
15078,-152.0
15079,-159.0
15080,-148.0
15081,-159.0
15082,-106.0
15083,-110.0
15084,-156.0
15085,-112.0
15086,-151.0
15087,-106.0
15088,-155.0
15089,-149.0
15090,-154.0
15091,-154.0
15092,-106.0
15093,-106.0
15094,-155.0
15095,-151.0
15096,-150.0
15097,-152.0
15098,-110.0
15099,-146.0
15100,-106.0
15101,-157.0
15102,-107.0
15103,-110.0
15104,-146.0
15105,-112.0
15106,-156.0
15107,-111.0
15108,-111.0
15109,-150.0
15110,-146.0
15111,-106.0
15112,-106.0
15113,-136.0
15114,-147.0
15115,-113.0
15116,-150.0
15117,-108.0
15118,-136.0
15119,-112.0
15120,-150.0
15121,-147.0
15122,-106.0
15123,-110.0
15124,-114.0
15125,-149.0
15126,-149.0
15127,-145.0
15128,-144.0
15129,-108.0
15130,-150.0
15131,-148.0
15132,-112.0
15133,-151.0
15134,-110.0
15135,-112.0
15136,-110.0
15137,-153.0
15138,-111.0
15139,-145.0
15140,-138.0
15141,-142.0
15142,-110.0
15143,-167.0
15144,-144.0
15145,-150.0
15146,-106.0
15147,-111.0
15148,-148.0
15149,-151.0
15150,-157.0
15151,-152.0
15152,-150.0
15153,-87.0
15154,-150.0
15155,-160.0
15156,-111.0
15157,-110.0
15158,-133.0
15159,-155.0
15160,-149.0
15161,-152.0
15162,-153.0
15163,-152.0
15164,-112.0
15165,-112.0
15166,-156.0
15167,-156.0
15168,-112.0
15169,-112.0
15170,-111.0
15171,-157.0
15172,-112.0
15173,-158.0
15174,-145.0
15175,-106.0
15176,-144.0
15177,-112.0
15178,-106.0
15179,-112.0
15180,-146.0
15181,-155.0
15182,-157.0
15183,-157.0
15184,-152.0
15185,-152.0
15186,-108.0
15187,-175.0
15188,-158.0
15189,-152.0
15190,-154.0
15191,-156.0
15192,-154.0
15193,-168.0
15194,-177.0
15195,-155.0
15196,-151.0
15197,-155.0
15198,-152.0
15199,-169.0
15200,-134.0
15201,-155.0
15202,-156.0
15203,-152.0
15204,-139.0
15205,-107.0
15206,-107.0
15207,-145.0
15208,-151.0
15209,-136.0
15210,-111.0
15211,-149.0
15212,-111.0
15213,-152.0
15214,-152.0
15215,-154.0
15216,-111.0
15217,-170.0
15218,-132.0
15219,-108.0
15220,-106.0
15221,-110.0
15222,-152.0
15223,-109.0
15224,-108.0
15225,-110.0
15226,-143.0
15227,-112.0
15228,-157.0
15229,-141.0
15230,-156.0
15231,-113.0
15232,-111.0
15233,-141.0
15234,-152.0
15235,-109.0
15236,-148.0
15237,-154.0
15238,-107.0
15239,-110.0
15240,-111.0
15241,-133.0
15242,-154.0
15243,-174.0
15244,-154.0
15245,-152.0
15246,-169.0
15247,-151.0
15248,-111.0
15249,-152.0
15250,-106.0
15251,-135.0
15252,-140.0
15253,-167.0
15254,-156.0
15255,-153.0
15256,-158.0
15257,-114.0
15258,-153.0
15259,-171.0
15260,-147.0
15261,-154.0
15262,-108.0
15263,-110.0
15264,-111.0
15265,-111.0
15266,-178.0
15267,-137.0
15268,-156.0
15269,-106.0
15270,-111.0
15271,-148.0
15272,-110.0
15273,-151.0
15274,-112.0
15275,-110.0
15276,-151.0
15277,-110.0
15278,-112.0
15279,-112.0
15280,-157.0
15281,-153.0
15282,-113.0
15283,-151.0
15284,-113.0
15285,-115.0
15286,-150.0
15287,-106.0
15288,-113.0
15289,-154.0
15290,-113.0
15291,-152.0
15292,-112.0
15293,-152.0
15294,-110.0
15295,-107.0
15296,-154.0
15297,-153.0
15298,-106.0
15299,-152.0
15300,-111.0
15301,-155.0
15302,-150.0
15303,-111.0
15304,-112.0
15305,-109.0
15306,-111.0
15307,-113.0
15308,-107.0
15309,-177.0
15310,-141.0
15311,-107.0
15312,-155.0
15313,-177.0
15314,-149.0
15315,-111.0
15316,-112.0
15317,-111.0
15318,-154.0
15319,-145.0
15320,-137.0
15321,-135.0
15322,-109.0
15323,-111.0
15324,-145.0
15325,-155.0
15326,-153.0
15327,-106.0
15328,-144.0
15329,-158.0
15330,-169.0
15331,-134.0
15332,-144.0
15333,-153.0
15334,-110.0
15335,-138.0
15336,-149.0
15337,-146.0
15338,-153.0
15339,-134.0
15340,-150.0
15341,-151.0
15342,-144.0
15343,-140.0
15344,-109.0
15345,-108.0
15346,-111.0
15347,-133.0
15348,-106.0
15349,-110.0
15350,-107.0
15351,-200.0
15352,-196.0
15353,-164.0
15354,-160.0
15355,-111.0
15356,-148.0
15357,-146.0
15358,-200.0
15359,-110.0
15360,-200.0
15361,-194.0
15362,-112.0
15363,-148.0
15364,-149.0
15365,-200.0
15366,-110.0
15367,-105.0
15368,-106.0
15369,-176.0
15370,-111.0
15371,-110.0
15372,-120.0
15373,-105.0
15374,-112.0
15375,-108.0
15376,-106.0
15377,-107.0
15378,-109.0
15379,-108.0
15380,-114.0
15381,-110.0
15382,-156.0
15383,-111.0
15384,-109.0
15385,-111.0
15386,-108.0
15387,-109.0
15388,-112.0
15389,-189.0
15390,-114.0
15391,-188.0
15392,-117.0
15393,-110.0
15394,-114.0
15395,-110.0
15396,-111.0
15397,-110.0
15398,-112.0
15399,-110.0
15400,-113.0
15401,-113.0
15402,-131.0
15403,-192.0
15404,-109.0
15405,-185.0
15406,-110.0
15407,-112.0
15408,-112.0
15409,-107.0
15410,-112.0
15411,-112.0
15412,-112.0
15413,-200.0
15414,-190.0
15415,-174.0
15416,-171.0
15417,-89.0
15418,-112.0
15419,-200.0
15420,-200.0
15421,-200.0
15422,-200.0
15423,-200.0
15424,-200.0
15425,-112.0
15426,-111.0
15427,-200.0
15428,-162.0
15429,-110.0
15430,-200.0
15431,-200.0
15432,-109.0
15433,-111.0
15434,-146.0
15435,-156.0
15436,-152.0
15437,-111.0
15438,-131.0
15439,-112.0
15440,-151.0
15441,-136.0
15442,-200.0
15443,-111.0
15444,-197.0
15445,-110.0
15446,-153.0
15447,-91.0
15448,-111.0
15449,-173.0
15450,-123.0
15451,-172.0
15452,-177.0
15453,-155.0
15454,-151.0
15455,-154.0
15456,-152.0
15457,-171.0
15458,-196.0
15459,-200.0
15460,-198.0
15461,-169.0
15462,-189.0
15463,-155.0
15464,-153.0
15465,-153.0
15466,-152.0
15467,-91.0
15468,-110.0
15469,-123.0
15470,-130.0
15471,-172.0
15472,-154.0
15473,-179.0
15474,-111.0
15475,-174.0
15476,-90.0
15477,-114.0
15478,-108.0
15479,-154.0
15480,-90.0
15481,-114.0
15482,-95.0
15483,-194.0
15484,-153.0
15485,-116.0
15486,-176.0
15487,-155.0
15488,-117.0
15489,-116.0
15490,-166.0
15491,-151.0
15492,-154.0
15493,-157.0
15494,-152.0
15495,-153.0
15496,-112.0
15497,-110.0
15498,-167.0
15499,-170.0
15500,-194.0
15501,-153.0
15502,-169.0
15503,-190.0
15504,-158.0
15505,-183.0
15506,-180.0
15507,-200.0
15508,-153.0
15509,-158.0
15510,-187.0
15511,-150.0
15512,-197.0
15513,-193.0
15514,-180.0
15515,-179.0
15516,-200.0
15517,-158.0
15518,-186.0
15519,-175.0
15520,-156.0
15521,-181.0
15522,-157.0
15523,-153.0
15524,-153.0
15525,-187.0
15526,-174.0
15527,-113.0
15528,-155.0
15529,-156.0
15530,-150.0
15531,-163.0
15532,-197.0
15533,-154.0
15534,-175.0
15535,-175.0
15536,-150.0
15537,-169.0
15538,-177.0
15539,-193.0
15540,-175.0
15541,-192.0
15542,-172.0
15543,-150.0
15544,-175.0
15545,-152.0
15546,-150.0
15547,-169.0
15548,-172.0
15549,-177.0
15550,-176.0
15551,-189.0
15552,-148.0
15553,-170.0
15554,-194.0
15555,-170.0
15556,-175.0
15557,-171.0
15558,-173.0
15559,-170.0
15560,-174.0
15561,-150.0
15562,-170.0
15563,-151.0
15564,-180.0
15565,-169.0
15566,-148.0
15567,-182.0
15568,-177.0
15569,-184.0
15570,-148.0
15571,-200.0
15572,-172.0
15573,-147.0
15574,-151.0
15575,-148.0
15576,-176.0
15577,-167.0
15578,-148.0
15579,-183.0
15580,-177.0
15581,-176.0
15582,-180.0
15583,-199.0
15584,-170.0
15585,-172.0
15586,-176.0
15587,-173.0
15588,-164.0
15589,-165.0
15590,-149.0
15591,-168.0
15592,-173.0
15593,-178.0
15594,-150.0
15595,-150.0
15596,-173.0
15597,-171.0
15598,-170.0
15599,-200.0
15600,-176.0
15601,-147.0
15602,-110.0
15603,-111.0
15604,-181.0
15605,-111.0
15606,-169.0
15607,-170.0
15608,-172.0
15609,-162.0
15610,-171.0
15611,-149.0
15612,-166.0
15613,-176.0
15614,-111.0
15615,-148.0
15616,-200.0
15617,-145.0
15618,-169.0
15619,-149.0
15620,-173.0
15621,-158.0
15622,-147.0
15623,-152.0
15624,-179.0
15625,-169.0
15626,-168.0
15627,-170.0
15628,-166.0
15629,-149.0
15630,-149.0
15631,-150.0
15632,-200.0
15633,-176.0
15634,-148.0
15635,-172.0
15636,-165.0
15637,-146.0
15638,-173.0
15639,-181.0
15640,-170.0
15641,-176.0
15642,-171.0
15643,-147.0
15644,-181.0
15645,-173.0
15646,-171.0
15647,-147.0
15648,-168.0
15649,-183.0
15650,-175.0
15651,-174.0
15652,-148.0
15653,-173.0
15654,-148.0
15655,-149.0
15656,-200.0
15657,-114.0
15658,-111.0
15659,-107.0
15660,-163.0
15661,-155.0
15662,-189.0
15663,-92.0
15664,-110.0
15665,-110.0
15666,-112.0
15667,-108.0
15668,-111.0
15669,-111.0
15670,-185.0
15671,-178.0
15672,-87.0
15673,-92.0
15674,-158.0
15675,-111.0
15676,-109.0
15677,-110.0
15678,-181.0
15679,-182.0
15680,-156.0
15681,-177.0
15682,-170.0
15683,-111.0
15684,-174.0
15685,-119.0
15686,-110.0
15687,-112.0
15688,-106.0
15689,-108.0
15690,-107.0
15691,-106.0
15692,-88.0
15693,-186.0
15694,-87.0
15695,-154.0
15696,-168.0
15697,-112.0
15698,-109.0
15699,-110.0
15700,-110.0
15701,-112.0
15702,-110.0
15703,-89.0
15704,-109.0
15705,-167.0
15706,-109.0
15707,-154.0
15708,-106.0
15709,-165.0
15710,-161.0
15711,-162.0
15712,-92.0
15713,-193.0
15714,-172.0
15715,-110.0
15716,-109.0
15717,-92.0
15718,-153.0
15719,-115.0
15720,-114.0
15721,-153.0
15722,-181.0
15723,-156.0
15724,-108.0
15725,-109.0
15726,-111.0
15727,-174.0
15728,-108.0
15729,-186.0
15730,-112.0
15731,-186.0
15732,-150.0
15733,-114.0
15734,-200.0
15735,-160.0
15736,-179.0
15737,-84.0
15738,-115.0
15739,-116.0
15740,-109.0
15741,-165.0
15742,-88.0
15743,-113.0
15744,-152.0
15745,-151.0
15746,-114.0
15747,-107.0
15748,-151.0
15749,-88.0
15750,-153.0
15751,-110.0
15752,-185.0
15753,-151.0
15754,-91.0
15755,-86.0
15756,-112.0
15757,-121.0
15758,-114.0
15759,-152.0
15760,-101.0
15761,-115.0
15762,-195.0
15763,-156.0
15764,-114.0
15765,-151.0
15766,-91.0
15767,-86.0
15768,-162.0
15769,-181.0
15770,-117.0
15771,-153.0
15772,-184.0
15773,-155.0
15774,-111.0
15775,-182.0
15776,-154.0
15777,-111.0
15778,-154.0
15779,-176.0
15780,-163.0
15781,-113.0
15782,-114.0
15783,-159.0
15784,-153.0
15785,-178.0
15786,-113.0
15787,-90.0
15788,-179.0
15789,-116.0
15790,-156.0
15791,-159.0
15792,-113.0
15793,-117.0
15794,-188.0
15795,-151.0
15796,-113.0
15797,-118.0
15798,-180.0
15799,-91.0
15800,-152.0
15801,-115.0
15802,-180.0
15803,-114.0
15804,-86.0
15805,-119.0
15806,-113.0
15807,-112.0
15808,-180.0
15809,-168.0
15810,-151.0
15811,-185.0
15812,-177.0
15813,-163.0
15814,-176.0
15815,-188.0
15816,-119.0
15817,-163.0
15818,-116.0
15819,-111.0
15820,-186.0
15821,-115.0
15822,-94.0
15823,-149.0
15824,-153.0
15825,-175.0
15826,-111.0
15827,-189.0
15828,-154.0
15829,-197.0
15830,-118.0
15831,-92.0
15832,-89.0
15833,-122.0
15834,-120.0
15835,-153.0
15836,-91.0
15837,-113.0
15838,-151.0
15839,-195.0
15840,-178.0
15841,-190.0
15842,-166.0
15843,-171.0
15844,-154.0
15845,-200.0
15846,-115.0
15847,-92.0
15848,-151.0
15849,-119.0
15850,-112.0
15851,-155.0
15852,-116.0
15853,-112.0
15854,-197.0
15855,-163.0
15856,-111.0
15857,-116.0
15858,-177.0
15859,-118.0
15860,-126.0
15861,-152.0
15862,-174.0
15863,-115.0
15864,-112.0
15865,-116.0
15866,-200.0
15867,-117.0
15868,-111.0
15869,-151.0
15870,-111.0
15871,-116.0
15872,-117.0
15873,-161.0
15874,-183.0
15875,-152.0
15876,-114.0
15877,-196.0
15878,-182.0
15879,-111.0
15880,-200.0
15881,-110.0
15882,-109.0
15883,-116.0
15884,-150.0
15885,-151.0
15886,-152.0
15887,-168.0
15888,-200.0
15889,-199.0
15890,-189.0
15891,-158.0
15892,-118.0
15893,-150.0
15894,-167.0
15895,-200.0
15896,-109.0
15897,-149.0
15898,-152.0
15899,-110.0
15900,-111.0
15901,-110.0
15902,-158.0
15903,-92.0
15904,-188.0
15905,-165.0
15906,-190.0
15907,-179.0
15908,-181.0
15909,-118.0
15910,-153.0
15911,-166.0
15912,-152.0
15913,-190.0
15914,-128.0
15915,-96.0
15916,-89.0
15917,-160.0
15918,-117.0
15919,-165.0
15920,-151.0
15921,-197.0
15922,-200.0
15923,-110.0
15924,-153.0
15925,-184.0
15926,-90.0
15927,-96.0
15928,-163.0
15929,-166.0
15930,-198.0
15931,-153.0
15932,-149.0
15933,-164.0
15934,-149.0
15935,-194.0
15936,-151.0
15937,-152.0
15938,-161.0
15939,-153.0
15940,-200.0
15941,-150.0
15942,-127.0
15943,-185.0
15944,-151.0
15945,-187.0
15946,-149.0
15947,-124.0
15948,-192.0
15949,-127.0
15950,-151.0
15951,-190.0
15952,-160.0
15953,-188.0
15954,-161.0
15955,-190.0
15956,-165.0
15957,-167.0
15958,-148.0
15959,-163.0
15960,-96.0
15961,-186.0
15962,-114.0
15963,-176.0
15964,-167.0
15965,-180.0
15966,-191.0
15967,-150.0
15968,-156.0
15969,-164.0
15970,-88.0
15971,-151.0
15972,-200.0
15973,-150.0
15974,-114.0
15975,-199.0
15976,-149.0
15977,-92.0
15978,-177.0
15979,-177.0
15980,-180.0
15981,-200.0
15982,-176.0
15983,-178.0
15984,-120.0
15985,-200.0
15986,-149.0
15987,-117.0
15988,-117.0
15989,-150.0
15990,-149.0
15991,-200.0
15992,-148.0
15993,-150.0
15994,-118.0
15995,-107.0
15996,-88.0
15997,-111.0
15998,-196.0
15999,-177.0
16000,-109.0
16001,-150.0
16002,-151.0
16003,-95.0
16004,-114.0
16005,-110.0
16006,-151.0
16007,-193.0
16008,-170.0
16009,-114.0
16010,-112.0
16011,-184.0
16012,-159.0
16013,-172.0
16014,-169.0
16015,-192.0
16016,-197.0
16017,-200.0
16018,-91.0
16019,-122.0
16020,-150.0
16021,-195.0
16022,-152.0
16023,-150.0
16024,-121.0
16025,-164.0
16026,-151.0
16027,-184.0
16028,-159.0
16029,-196.0
16030,-156.0
16031,-148.0
16032,-172.0
16033,-150.0
16034,-170.0
16035,-193.0
16036,-149.0
16037,-153.0
16038,-153.0
16039,-111.0
16040,-112.0
16041,-163.0
16042,-200.0
16043,-90.0
16044,-116.0
16045,-188.0
16046,-176.0
16047,-151.0
16048,-182.0
16049,-189.0
16050,-118.0
16051,-93.0
16052,-151.0
16053,-158.0
16054,-148.0
16055,-171.0
16056,-112.0
16057,-177.0
16058,-159.0
16059,-150.0
16060,-110.0
16061,-115.0
16062,-115.0
16063,-151.0
16064,-168.0
16065,-115.0
16066,-164.0
16067,-176.0
16068,-178.0
16069,-149.0
16070,-186.0
16071,-194.0
16072,-152.0
16073,-192.0
16074,-177.0
16075,-119.0
16076,-194.0
16077,-169.0
16078,-200.0
16079,-158.0
16080,-150.0
16081,-198.0
16082,-150.0
16083,-149.0
16084,-177.0
16085,-160.0
16086,-165.0
16087,-200.0
16088,-187.0
16089,-168.0
16090,-150.0
16091,-181.0
16092,-152.0
16093,-176.0
16094,-185.0
16095,-191.0
16096,-172.0
16097,-197.0
16098,-152.0
16099,-170.0
16100,-116.0
16101,-151.0
16102,-166.0
16103,-149.0
16104,-150.0
16105,-150.0
16106,-149.0
16107,-167.0
16108,-179.0
16109,-164.0
16110,-192.0
16111,-176.0
16112,-177.0
16113,-153.0
16114,-176.0
16115,-179.0
16116,-150.0
16117,-200.0
16118,-121.0
16119,-184.0
16120,-121.0
16121,-180.0
16122,-184.0
16123,-178.0
16124,-150.0
16125,-148.0
16126,-181.0
16127,-180.0
16128,-149.0
16129,-178.0
16130,-180.0
16131,-196.0
16132,-151.0
16133,-178.0
16134,-181.0
16135,-177.0
16136,-181.0
16137,-149.0
16138,-165.0
16139,-181.0
16140,-152.0
16141,-178.0
16142,-177.0
16143,-174.0
16144,-185.0
16145,-188.0
16146,-148.0
16147,-148.0
16148,-172.0
16149,-173.0
16150,-175.0
16151,-174.0
16152,-163.0
16153,-173.0
16154,-174.0
16155,-174.0
16156,-177.0
16157,-150.0
16158,-152.0
16159,-168.0
16160,-176.0
16161,-151.0
16162,-169.0
16163,-150.0
16164,-177.0
16165,-183.0
16166,-178.0
16167,-149.0
16168,-149.0
16169,-174.0
16170,-171.0
16171,-149.0
16172,-167.0
16173,-181.0
16174,-187.0
16175,-150.0
16176,-149.0
16177,-164.0
16178,-173.0
16179,-173.0
16180,-172.0
16181,-177.0
16182,-173.0
16183,-149.0
16184,-169.0
16185,-166.0
16186,-200.0
16187,-150.0
16188,-173.0
16189,-136.0
16190,-200.0
16191,-173.0
16192,-174.0
16193,-149.0
16194,-177.0
16195,-200.0
16196,-192.0
16197,-200.0
16198,-200.0
16199,-198.0
16200,-180.0
16201,-186.0
16202,-184.0
16203,-165.0
16204,-200.0
16205,-153.0
16206,-192.0
16207,-200.0
16208,-147.0
16209,-148.0
16210,-147.0
16211,-149.0
16212,-200.0
16213,-179.0
16214,-177.0
16215,-167.0
16216,-150.0
16217,-177.0
16218,-200.0
16219,-200.0
16220,-200.0
16221,-150.0
16222,-200.0
16223,-200.0
16224,-177.0
16225,-200.0
16226,-200.0
16227,-200.0
16228,-190.0
16229,-185.0
16230,-196.0
16231,-148.0
16232,-200.0
16233,-195.0
16234,-199.0
16235,-177.0
16236,-150.0
16237,-200.0
16238,-148.0
16239,-164.0
16240,-200.0
16241,-172.0
16242,-148.0
16243,-173.0
16244,-172.0
16245,-188.0
16246,-170.0
16247,-148.0
16248,-145.0
16249,-178.0
16250,-200.0
16251,-200.0
16252,-153.0
16253,-200.0
16254,-192.0
16255,-186.0
16256,-186.0
16257,-200.0
16258,-152.0
16259,-174.0
16260,-179.0
16261,-200.0
16262,-178.0
16263,-200.0
16264,-146.0
16265,-175.0
16266,-200.0
16267,-200.0
16268,-200.0
16269,-176.0
16270,-200.0
16271,-200.0
16272,-154.0
16273,-150.0
16274,-176.0
16275,-166.0
16276,-200.0
16277,-151.0
16278,-200.0
16279,-153.0
16280,-200.0
16281,-149.0
16282,-200.0
16283,-200.0
16284,-200.0
16285,-150.0
16286,-200.0
16287,-151.0
16288,-152.0
16289,-200.0
16290,-152.0
16291,-164.0
16292,-160.0
16293,-150.0
16294,-153.0
16295,-152.0
16296,-146.0
16297,-200.0
16298,-153.0
16299,-151.0
16300,-151.0
16301,-152.0
16302,-200.0
16303,-155.0
16304,-149.0
16305,-148.0
16306,-148.0
16307,-184.0
16308,-162.0
16309,-142.0
16310,-158.0
16311,-156.0
16312,-154.0
16313,-147.0
16314,-154.0
16315,-154.0
16316,-152.0
16317,-152.0
16318,-151.0
16319,-146.0
16320,-147.0
16321,-150.0
16322,-200.0
16323,-114.0
16324,-150.0
16325,-149.0
16326,-149.0
16327,-149.0
16328,-117.0
16329,-150.0
16330,-150.0
16331,-150.0
16332,-149.0
16333,-158.0
16334,-155.0
16335,-148.0
16336,-151.0
16337,-148.0
16338,-155.0
16339,-148.0
16340,-152.0
16341,-119.0
16342,-150.0
16343,-200.0
16344,-153.0
16345,-150.0
16346,-149.0
16347,-159.0
16348,-151.0
16349,-151.0
16350,-148.0
16351,-149.0
16352,-165.0
16353,-149.0
16354,-152.0
16355,-163.0
16356,-151.0
16357,-150.0
16358,-113.0
16359,-153.0
16360,-152.0
16361,-150.0
16362,-114.0
16363,-150.0
16364,-112.0
16365,-149.0
16366,-149.0
16367,-152.0
16368,-200.0
16369,-149.0
16370,-149.0
16371,-142.0
16372,-153.0
16373,-195.0
16374,-151.0
16375,-149.0
16376,-149.0
16377,-152.0
16378,-148.0
16379,-112.0
16380,-148.0
16381,-152.0
16382,-145.0
16383,-145.0
16384,-112.0
16385,-112.0
16386,-149.0
16387,-148.0
16388,-160.0
16389,-142.0
16390,-113.0
16391,-149.0
16392,-142.0
16393,-145.0
16394,-145.0
16395,-152.0
16396,-150.0
16397,-151.0
16398,-146.0
16399,-148.0
16400,-145.0
16401,-148.0
16402,-148.0
16403,-152.0
16404,-147.0
16405,-148.0
16406,-149.0
16407,-146.0
16408,-154.0
16409,-154.0
16410,-149.0
16411,-150.0
16412,-154.0
16413,-155.0
16414,-146.0
16415,-151.0
16416,-150.0
16417,-150.0
16418,-200.0
16419,-200.0
16420,-151.0
16421,-158.0
16422,-199.0
16423,-154.0
16424,-150.0
16425,-200.0
16426,-146.0
16427,-159.0
16428,-150.0
16429,-200.0
16430,-143.0
16431,-146.0
16432,-143.0
16433,-138.0
16434,-141.0
16435,-145.0
16436,-153.0
16437,-117.0
16438,-138.0
16439,-141.0
16440,-139.0
16441,-141.0
16442,-200.0
16443,-145.0
16444,-113.0
16445,-157.0
16446,-154.0
16447,-113.0
16448,-139.0
16449,-143.0
16450,-148.0
16451,-144.0
16452,-146.0
16453,-148.0
16454,-140.0
16455,-136.0
16456,-142.0
16457,-143.0
16458,-143.0
16459,-200.0
16460,-200.0
16461,-200.0
16462,-148.0
16463,-142.0
16464,-158.0
16465,-200.0
16466,-152.0
16467,-143.0
16468,-147.0
16469,-157.0
16470,-200.0
16471,-192.0
16472,-200.0
16473,-146.0
16474,-149.0
16475,-200.0
16476,-146.0
16477,-200.0
16478,-148.0
16479,-151.0
16480,-148.0
16481,-149.0
16482,-144.0
16483,-143.0
16484,-151.0
16485,-200.0
16486,-200.0
16487,-200.0
16488,-139.0
16489,-152.0
16490,-139.0
16491,-200.0
16492,-200.0
16493,-200.0
16494,-200.0
16495,-149.0
16496,-154.0
16497,-153.0
16498,-200.0
16499,-152.0
16500,-146.0
16501,-169.0
16502,-200.0
16503,-160.0
16504,-163.0
16505,-145.0
16506,-149.0
16507,-149.0
16508,-146.0
16509,-156.0
16510,-152.0
16511,-143.0
16512,-139.0
16513,-146.0
16514,-151.0
16515,-137.0
16516,-200.0
16517,-200.0
16518,-200.0
16519,-152.0
16520,-200.0
16521,-200.0
16522,-200.0
16523,-191.0
16524,-148.0
16525,-200.0
16526,-154.0
16527,-200.0
16528,-195.0
16529,-200.0
16530,-137.0
16531,-200.0
16532,-200.0
16533,-200.0
16534,-200.0
16535,-152.0
16536,-200.0
16537,-200.0
16538,-184.0
16539,-200.0
16540,-200.0
16541,-150.0
16542,-153.0
16543,-198.0
16544,-192.0
16545,-155.0
16546,-200.0
16547,-148.0
16548,-200.0
16549,-151.0
16550,-148.0
16551,-149.0
16552,-152.0
16553,-148.0
16554,-200.0
16555,-148.0
16556,-147.0
16557,-200.0
16558,-153.0
16559,-151.0
16560,-149.0
16561,-147.0
16562,-151.0
16563,-148.0
16564,-152.0
16565,-141.0
16566,-148.0
16567,-149.0
16568,-146.0
16569,-149.0
16570,-145.0
16571,-164.0
16572,-165.0
16573,-138.0
16574,-141.0
16575,-144.0
16576,-146.0
16577,-150.0
16578,-147.0
16579,-152.0
16580,-159.0
16581,-146.0
16582,-148.0
16583,-147.0
16584,-189.0
16585,-200.0
16586,-185.0
16587,-200.0
16588,-200.0
16589,-200.0
16590,-131.0
16591,-144.0
16592,-146.0
16593,-200.0
16594,-200.0
16595,-147.0
16596,-145.0
16597,-149.0
16598,-147.0
16599,-140.0
16600,-147.0
16601,-157.0
16602,-147.0
16603,-146.0
16604,-142.0
16605,-156.0
16606,-145.0
16607,-142.0
16608,-146.0
16609,-145.0
16610,-163.0
16611,-147.0
16612,-146.0
16613,-149.0
16614,-151.0
16615,-146.0
16616,-149.0
16617,-147.0
16618,-153.0
16619,-147.0
16620,-150.0
16621,-121.0
16622,-118.0
16623,-147.0
16624,-150.0
16625,-147.0
16626,-149.0
16627,-148.0
16628,-149.0
16629,-147.0
16630,-123.0
16631,-159.0
16632,-122.0
16633,-148.0
16634,-148.0
16635,-150.0
16636,-153.0
16637,-146.0
16638,-162.0
16639,-151.0
16640,-148.0
16641,-149.0
16642,-150.0
16643,-148.0
16644,-147.0
16645,-147.0
16646,-147.0
16647,-149.0
16648,-150.0
16649,-146.0
16650,-151.0
16651,-147.0
16652,-149.0
16653,-148.0
16654,-161.0
16655,-149.0
16656,-148.0
16657,-146.0
16658,-148.0
16659,-147.0
16660,-152.0
16661,-145.0
16662,-147.0
16663,-148.0
16664,-163.0
16665,-167.0
16666,-147.0
16667,-148.0
16668,-146.0
16669,-146.0
16670,-148.0
16671,-146.0
16672,-147.0
16673,-158.0
16674,-147.0
16675,-149.0
16676,-148.0
16677,-147.0
16678,-116.0
16679,-147.0
16680,-149.0
16681,-149.0
16682,-153.0
16683,-149.0
16684,-113.0
16685,-151.0
16686,-144.0
16687,-148.0
16688,-148.0
16689,-149.0
16690,-149.0
16691,-149.0
16692,-113.0
16693,-147.0
16694,-153.0
16695,-146.0
16696,-149.0
16697,-148.0
16698,-147.0
16699,-146.0
16700,-149.0
16701,-146.0
16702,-148.0
16703,-148.0
16704,-148.0
16705,-144.0
16706,-148.0
16707,-146.0
16708,-146.0
16709,-150.0
16710,-147.0
16711,-148.0
16712,-151.0
16713,-150.0
16714,-146.0
16715,-146.0
16716,-198.0
16717,-110.0
16718,-147.0
16719,-146.0
16720,-153.0
16721,-151.0
16722,-148.0
16723,-149.0
16724,-149.0
16725,-150.0
16726,-153.0
16727,-149.0
16728,-153.0
16729,-146.0
16730,-151.0
16731,-149.0
16732,-150.0
16733,-111.0
16734,-146.0
16735,-152.0
16736,-152.0
16737,-146.0
16738,-147.0
16739,-148.0
16740,-112.0
16741,-146.0
16742,-147.0
16743,-152.0
16744,-146.0
16745,-145.0
16746,-146.0
16747,-152.0
16748,-151.0
16749,-147.0
16750,-148.0
16751,-146.0
16752,-144.0
16753,-146.0
16754,-145.0
16755,-145.0
16756,-148.0
16757,-145.0
16758,-146.0
16759,-144.0
16760,-146.0
16761,-153.0
16762,-150.0
16763,-144.0
16764,-146.0
16765,-146.0
16766,-145.0
16767,-145.0
16768,-173.0
16769,-146.0
16770,-176.0
16771,-152.0
16772,-147.0
16773,-145.0
16774,-148.0
16775,-152.0
16776,-143.0
16777,-148.0
16778,-147.0
16779,-148.0
16780,-150.0
16781,-148.0
16782,-148.0
16783,-147.0
16784,-146.0
16785,-147.0
16786,-150.0
16787,-180.0
16788,-179.0
16789,-147.0
16790,-151.0
16791,-154.0
16792,-152.0
16793,-147.0
16794,-153.0
16795,-182.0
16796,-147.0
16797,-151.0
16798,-151.0
16799,-146.0
16800,-147.0
16801,-146.0
16802,-150.0
16803,-142.0
16804,-144.0
16805,-151.0
16806,-144.0
16807,-143.0
16808,-150.0
16809,-147.0
16810,-144.0
16811,-144.0
16812,-144.0
16813,-146.0
16814,-144.0
16815,-151.0
16816,-155.0
16817,-142.0
16818,-148.0
16819,-144.0
16820,-142.0
16821,-145.0
16822,-148.0
16823,-159.0
16824,-146.0
16825,-178.0
16826,-144.0
16827,-145.0
16828,-145.0
16829,-152.0
16830,-143.0
16831,-159.0
16832,-148.0
16833,-157.0
16834,-144.0
16835,-145.0
16836,-147.0
16837,-148.0
16838,-148.0
16839,-160.0
16840,-145.0
16841,-147.0
16842,-157.0
16843,-150.0
16844,-149.0
16845,-148.0
16846,-150.0
16847,-153.0
16848,-150.0
16849,-146.0
16850,-145.0
16851,-146.0
16852,-179.0
16853,-149.0
16854,-146.0
16855,-147.0
16856,-147.0
16857,-147.0
16858,-145.0
16859,-156.0
16860,-149.0
16861,-152.0
16862,-145.0
16863,-179.0
16864,-150.0
16865,-147.0
16866,-147.0
16867,-145.0
16868,-152.0
16869,-177.0
16870,-149.0
16871,-151.0
16872,-146.0
16873,-144.0
16874,-150.0
16875,-147.0
16876,-150.0
16877,-149.0
16878,-145.0
16879,-148.0
16880,-151.0
16881,-149.0
16882,-150.0
16883,-146.0
16884,-150.0
16885,-148.0
16886,-157.0
16887,-151.0
16888,-145.0
16889,-147.0
16890,-150.0
16891,-153.0
16892,-149.0
16893,-178.0
16894,-147.0
16895,-147.0
16896,-146.0
16897,-146.0
16898,-152.0
16899,-150.0
16900,-151.0
16901,-152.0
16902,-155.0
16903,-152.0
16904,-153.0
16905,-159.0
16906,-150.0
16907,-149.0
16908,-177.0
16909,-146.0
16910,-148.0
16911,-146.0
16912,-143.0
16913,-178.0
16914,-145.0
16915,-145.0
16916,-144.0
16917,-145.0
16918,-145.0
16919,-144.0
16920,-154.0
16921,-143.0
16922,-142.0
16923,-148.0
16924,-143.0
16925,-149.0
16926,-148.0
16927,-143.0
16928,-171.0
16929,-143.0
16930,-147.0
16931,-143.0
16932,-143.0
16933,-144.0
16934,-154.0
16935,-142.0
16936,-149.0
16937,-147.0
16938,-148.0
16939,-150.0
16940,-173.0
16941,-150.0
16942,-144.0
16943,-146.0
16944,-142.0
16945,-144.0
16946,-146.0
16947,-149.0
16948,-144.0
16949,-144.0
16950,-144.0
16951,-144.0
16952,-149.0
16953,-176.0
16954,-149.0
16955,-150.0
16956,-145.0
16957,-149.0
16958,-149.0
16959,-149.0
16960,-144.0
16961,-147.0
16962,-145.0
16963,-146.0
16964,-144.0
16965,-151.0
16966,-151.0
16967,-147.0
16968,-153.0
16969,-145.0
16970,-145.0
16971,-144.0
16972,-147.0
16973,-146.0
16974,-144.0
16975,-145.0
16976,-149.0
16977,-150.0
16978,-151.0
16979,-176.0
16980,-148.0
16981,-183.0
16982,-152.0
16983,-144.0
16984,-177.0
16985,-184.0
16986,-182.0
16987,-153.0
16988,-178.0
16989,-153.0
16990,-143.0
16991,-146.0
16992,-148.0
16993,-155.0
16994,-177.0
16995,-144.0
16996,-178.0
16997,-148.0
16998,-153.0
16999,-150.0
17000,-145.0
17001,-142.0
17002,-149.0
17003,-150.0
17004,-145.0
17005,-146.0
17006,-158.0
17007,-145.0
17008,-147.0
17009,-143.0
17010,-147.0
17011,-182.0
17012,-147.0
17013,-147.0
17014,-143.0
17015,-147.0
17016,-146.0
17017,-144.0
17018,-144.0
17019,-144.0
17020,-146.0
17021,-144.0
17022,-145.0
17023,-144.0
17024,-150.0
17025,-144.0
17026,-147.0
17027,-150.0
17028,-116.0
17029,-145.0
17030,-150.0
17031,-148.0
17032,-152.0
17033,-153.0
17034,-145.0
17035,-155.0
17036,-155.0
17037,-149.0
17038,-152.0
17039,-149.0
17040,-150.0
17041,-145.0
17042,-148.0
17043,-152.0
17044,-146.0
17045,-159.0
17046,-159.0
17047,-151.0
17048,-150.0
17049,-157.0
17050,-158.0
17051,-152.0
17052,-147.0
17053,-156.0
17054,-151.0
17055,-152.0
17056,-154.0
17057,-153.0
17058,-182.0
17059,-152.0
17060,-155.0
17061,-153.0
17062,-165.0
17063,-156.0
17064,-149.0
17065,-153.0
17066,-123.0
17067,-142.0
17068,-114.0
17069,-197.0
17070,-194.0
17071,-195.0
17072,-147.0
17073,-154.0
17074,-148.0
17075,-200.0
17076,-200.0
17077,-200.0
17078,-200.0
17079,-198.0
17080,-200.0
17081,-145.0
17082,-200.0
17083,-200.0
17084,-200.0
17085,-144.0
17086,-200.0
17087,-200.0
17088,-154.0
17089,-144.0
17090,-156.0
17091,-148.0
17092,-200.0
17093,-146.0
17094,-147.0
17095,-147.0
17096,-180.0
17097,-200.0
17098,-200.0
17099,-200.0
17100,-144.0
17101,-147.0
17102,-149.0
17103,-149.0
17104,-157.0
17105,-145.0
17106,-144.0
17107,-143.0
17108,-146.0
17109,-150.0
17110,-144.0
17111,-138.0
17112,-141.0
17113,-139.0
17114,-140.0
17115,-144.0
17116,-181.0
17117,-144.0
17118,-140.0
17119,-145.0
17120,-146.0
17121,-143.0
17122,-145.0
17123,-142.0
17124,-143.0
17125,-145.0
17126,-143.0
17127,-142.0
17128,-140.0
17129,-141.0
17130,-145.0
17131,-143.0
17132,-147.0
17133,-138.0
17134,-176.0
17135,-138.0
17136,-148.0
17137,-142.0
17138,-139.0
17139,-144.0
17140,-144.0
17141,-137.0
17142,-140.0
17143,-146.0
17144,-144.0
17145,-181.0
17146,-139.0
17147,-146.0
17148,-149.0
17149,-182.0
17150,-140.0
17151,-183.0
17152,-154.0
17153,-149.0
17154,-142.0
17155,-141.0
17156,-142.0
17157,-142.0
17158,-145.0
17159,-147.0
17160,-183.0
17161,-147.0
17162,-140.0
17163,-142.0
17164,-139.0
17165,-142.0
17166,-141.0
17167,-147.0
17168,-142.0
17169,-143.0
17170,-151.0
17171,-144.0
17172,-149.0
17173,-140.0
17174,-148.0
17175,-145.0
17176,-143.0
17177,-149.0
17178,-150.0
17179,-143.0
17180,-149.0
17181,-183.0
17182,-142.0
17183,-138.0
17184,-146.0
17185,-144.0
17186,-147.0
17187,-143.0
17188,-145.0
17189,-146.0
17190,-143.0
17191,-140.0
17192,-147.0
17193,-143.0
17194,-148.0
17195,-145.0
17196,-155.0
17197,-146.0
17198,-147.0
17199,-141.0
17200,-143.0
17201,-146.0
17202,-188.0
17203,-145.0
17204,-149.0
17205,-144.0
17206,-200.0
17207,-151.0
17208,-146.0
17209,-147.0
17210,-139.0
17211,-200.0
17212,-144.0
17213,-145.0
17214,-147.0
17215,-140.0
17216,-147.0
17217,-152.0
17218,-151.0
17219,-147.0
17220,-146.0
17221,-146.0
17222,-153.0
17223,-139.0
17224,-146.0
17225,-150.0
17226,-143.0
17227,-146.0
17228,-149.0
17229,-142.0
17230,-148.0
17231,-148.0
17232,-155.0
17233,-146.0
17234,-143.0
17235,-141.0
17236,-146.0
17237,-147.0
17238,-151.0
17239,-148.0
17240,-187.0
17241,-144.0
17242,-200.0
17243,-144.0
17244,-147.0
17245,-148.0
17246,-150.0
17247,-142.0
17248,-146.0
17249,-150.0
17250,-144.0
17251,-152.0
17252,-145.0
17253,-152.0
17254,-148.0
17255,-147.0
17256,-183.0
17257,-141.0
17258,-188.0
17259,-144.0
17260,-143.0
17261,-140.0
17262,-144.0
17263,-143.0
17264,-154.0
17265,-142.0
17266,-146.0
17267,-185.0
17268,-141.0
17269,-141.0
17270,-147.0
17271,-138.0
17272,-181.0
17273,-142.0
17274,-143.0
17275,-150.0
17276,-149.0
17277,-145.0
17278,-139.0
17279,-145.0
17280,-138.0
17281,-148.0
17282,-140.0
17283,-140.0
17284,-140.0
17285,-147.0
17286,-189.0
17287,-146.0
17288,-140.0
17289,-145.0
17290,-146.0
17291,-144.0
17292,-147.0
17293,-140.0
17294,-143.0
17295,-145.0
17296,-140.0
17297,-152.0
17298,-150.0
17299,-183.0
17300,-148.0
17301,-149.0
17302,-153.0
17303,-148.0
17304,-149.0
17305,-141.0
17306,-144.0
17307,-140.0
17308,-187.0
17309,-148.0
17310,-147.0
17311,-148.0
17312,-142.0
17313,-143.0
17314,-138.0
17315,-147.0
17316,-147.0
17317,-146.0
17318,-153.0
17319,-148.0
17320,-150.0
17321,-145.0
17322,-139.0
17323,-143.0
17324,-154.0
17325,-147.0
17326,-144.0
17327,-149.0
17328,-142.0
17329,-147.0
17330,-143.0
17331,-185.0
17332,-144.0
17333,-143.0
17334,-147.0
17335,-140.0
17336,-149.0
17337,-180.0
17338,-184.0
17339,-146.0
17340,-150.0
17341,-144.0
17342,-143.0
17343,-146.0
17344,-141.0
17345,-147.0
17346,-181.0
17347,-142.0
17348,-140.0
17349,-144.0
17350,-148.0
17351,-141.0
17352,-141.0
17353,-146.0
17354,-152.0
17355,-150.0
17356,-146.0
17357,-146.0
17358,-149.0
17359,-149.0
17360,-148.0
17361,-150.0
17362,-151.0
17363,-150.0
17364,-143.0
17365,-138.0
17366,-149.0
17367,-143.0
17368,-151.0
17369,-149.0
17370,-151.0
17371,-155.0
17372,-181.0
17373,-151.0
17374,-149.0
17375,-144.0
17376,-154.0
17377,-143.0
17378,-142.0
17379,-142.0
17380,-151.0
17381,-150.0
17382,-143.0
17383,-143.0
17384,-145.0
17385,-155.0
17386,-147.0
17387,-145.0
17388,-150.0
17389,-147.0
17390,-142.0
17391,-141.0
17392,-151.0
17393,-147.0
17394,-148.0
17395,-180.0
17396,-146.0
17397,-142.0
17398,-146.0
17399,-146.0
17400,-150.0
17401,-179.0
17402,-151.0
17403,-149.0
17404,-141.0
17405,-152.0
17406,-149.0
17407,-182.0
17408,-141.0
17409,-146.0
17410,-148.0
17411,-143.0
17412,-150.0
17413,-143.0
17414,-143.0
17415,-143.0
17416,-187.0
17417,-151.0
17418,-153.0
17419,-156.0
17420,-152.0
17421,-141.0
17422,-142.0
17423,-145.0
17424,-146.0
17425,-139.0
17426,-145.0
17427,-148.0
17428,-149.0
17429,-149.0
17430,-176.0
17431,-150.0
17432,-148.0
17433,-154.0
17434,-152.0
17435,-200.0
17436,-160.0
17437,-156.0
17438,-155.0
17439,-139.0
17440,-145.0
17441,-144.0
17442,-138.0
17443,-150.0
17444,-159.0
17445,-140.0
17446,-147.0
17447,-189.0
17448,-143.0
17449,-143.0
17450,-140.0
17451,-142.0
17452,-146.0
17453,-149.0
17454,-142.0
17455,-182.0
17456,-187.0
17457,-140.0
17458,-140.0
17459,-152.0
17460,-180.0
17461,-144.0
17462,-147.0
17463,-149.0
17464,-196.0
17465,-149.0
17466,-148.0
17467,-145.0
17468,-150.0
17469,-141.0
17470,-150.0
17471,-142.0
17472,-149.0
17473,-144.0
17474,-143.0
17475,-145.0
17476,-147.0
17477,-141.0
17478,-141.0
17479,-143.0
17480,-144.0
17481,-143.0
17482,-151.0
17483,-144.0
17484,-142.0
17485,-149.0
17486,-144.0
17487,-197.0
17488,-148.0
17489,-151.0
17490,-141.0
17491,-151.0
17492,-140.0
17493,-155.0
17494,-144.0
17495,-150.0
17496,-142.0
17497,-142.0
17498,-145.0
17499,-148.0
17500,-152.0
17501,-146.0
17502,-147.0
17503,-141.0
17504,-145.0
17505,-146.0
17506,-144.0
17507,-146.0
17508,-147.0
17509,-147.0
17510,-139.0
17511,-142.0
17512,-143.0
17513,-140.0
17514,-145.0
17515,-139.0
17516,-145.0
17517,-143.0
17518,-146.0
17519,-133.0
17520,-142.0
17521,-169.0
17522,-144.0
17523,-147.0
17524,-145.0
17525,-152.0
17526,-142.0
17527,-143.0
17528,-143.0
17529,-140.0
17530,-142.0
17531,-142.0
17532,-143.0
17533,-143.0
17534,-193.0
17535,-143.0
17536,-145.0
17537,-149.0
17538,-141.0
17539,-167.0
17540,-198.0
17541,-142.0
17542,-143.0
17543,-144.0
17544,-143.0
17545,-149.0
17546,-144.0
17547,-143.0
17548,-143.0
17549,-176.0
17550,-148.0
17551,-147.0
17552,-146.0
17553,-149.0
17554,-143.0
17555,-144.0
17556,-144.0
17557,-147.0
17558,-146.0
17559,-200.0
17560,-141.0
17561,-141.0
17562,-152.0
17563,-144.0
17564,-147.0
17565,-148.0
17566,-147.0
17567,-150.0
17568,-148.0
17569,-150.0
17570,-150.0
17571,-144.0
17572,-147.0
17573,-140.0
17574,-144.0
17575,-146.0
17576,-186.0
17577,-143.0
17578,-179.0
17579,-145.0
17580,-145.0
17581,-145.0
17582,-144.0
17583,-155.0
17584,-142.0
17585,-148.0
17586,-150.0
17587,-147.0
17588,-151.0
17589,-145.0
17590,-145.0
17591,-149.0
17592,-142.0
17593,-139.0
17594,-143.0
17595,-147.0
17596,-147.0
17597,-142.0
17598,-150.0
17599,-149.0
17600,-175.0
17601,-148.0
17602,-143.0
17603,-151.0
17604,-155.0
17605,-143.0
17606,-149.0
17607,-144.0
17608,-145.0
17609,-146.0
17610,-151.0
17611,-152.0
17612,-152.0
17613,-144.0
17614,-149.0
17615,-143.0
17616,-200.0
17617,-149.0
17618,-145.0
17619,-143.0
17620,-150.0
17621,-149.0
17622,-185.0
17623,-141.0
17624,-147.0
17625,-139.0
17626,-149.0
17627,-142.0
17628,-145.0
17629,-141.0
17630,-142.0
17631,-144.0
17632,-144.0
17633,-145.0
17634,-150.0
17635,-145.0
17636,-151.0
17637,-144.0
17638,-146.0
17639,-142.0
17640,-139.0
17641,-148.0
17642,-143.0
17643,-177.0
17644,-147.0
17645,-143.0
17646,-144.0
17647,-142.0
17648,-149.0
17649,-145.0
17650,-150.0
17651,-140.0
17652,-142.0
17653,-197.0
17654,-141.0
17655,-144.0
17656,-153.0
17657,-146.0
17658,-147.0
17659,-139.0
17660,-144.0
17661,-140.0
17662,-143.0
17663,-145.0
17664,-197.0
17665,-140.0
17666,-149.0
17667,-145.0
17668,-143.0
17669,-143.0
17670,-200.0
17671,-149.0
17672,-145.0
17673,-144.0
17674,-180.0
17675,-141.0
17676,-141.0
17677,-146.0
17678,-143.0
17679,-180.0
17680,-143.0
17681,-145.0
17682,-142.0
17683,-145.0
17684,-146.0
17685,-143.0
17686,-153.0
17687,-144.0
17688,-147.0
17689,-141.0
17690,-190.0
17691,-142.0
17692,-181.0
17693,-143.0
17694,-146.0
17695,-146.0
17696,-153.0
17697,-141.0
17698,-140.0
17699,-179.0
17700,-145.0
17701,-151.0
17702,-142.0
17703,-150.0
17704,-143.0
17705,-147.0
17706,-149.0
17707,-144.0
17708,-147.0
17709,-155.0
17710,-145.0
17711,-145.0
17712,-200.0
17713,-148.0
17714,-146.0
17715,-157.0
17716,-142.0
17717,-153.0
17718,-146.0
17719,-143.0
17720,-143.0
17721,-148.0
17722,-144.0
17723,-147.0
17724,-140.0
17725,-176.0
17726,-146.0
17727,-144.0
17728,-141.0
17729,-144.0
17730,-141.0
17731,-149.0
17732,-145.0
17733,-142.0
17734,-149.0
17735,-148.0
17736,-138.0
17737,-144.0
17738,-143.0
17739,-143.0
17740,-152.0
17741,-142.0
17742,-146.0
17743,-165.0
17744,-196.0
17745,-172.0
17746,-144.0
17747,-145.0
17748,-141.0
17749,-148.0
17750,-140.0
17751,-200.0
17752,-186.0
17753,-137.0
17754,-139.0
17755,-141.0
17756,-200.0
17757,-193.0
17758,-191.0
17759,-200.0
17760,-200.0
17761,-143.0
17762,-147.0
17763,-200.0
17764,-146.0
17765,-165.0
17766,-200.0
17767,-200.0
17768,-200.0
17769,-200.0
17770,-150.0
17771,-190.0
17772,-200.0
17773,-200.0
17774,-200.0
17775,-200.0
17776,-200.0
17777,-143.0
17778,-152.0
17779,-200.0
17780,-151.0
17781,-138.0
17782,-148.0
17783,-120.0
17784,-147.0
17785,-150.0
17786,-188.0
17787,-147.0
17788,-153.0
17789,-143.0
17790,-147.0
17791,-148.0
17792,-146.0
17793,-145.0
17794,-123.0
17795,-148.0
17796,-153.0
17797,-143.0
17798,-150.0
17799,-169.0
17800,-151.0
17801,-155.0
17802,-149.0
17803,-153.0
17804,-149.0
17805,-146.0
17806,-123.0
17807,-125.0
17808,-148.0
17809,-148.0
17810,-149.0
17811,-146.0
17812,-122.0
17813,-154.0
17814,-147.0
17815,-170.0
17816,-151.0
17817,-148.0
17818,-145.0
17819,-147.0
17820,-144.0
17821,-150.0
17822,-200.0
17823,-143.0
17824,-200.0
17825,-152.0
17826,-150.0
17827,-155.0
17828,-150.0
17829,-192.0
17830,-143.0
17831,-146.0
17832,-158.0
17833,-154.0
17834,-200.0
17835,-200.0
17836,-146.0
17837,-146.0
17838,-187.0
17839,-167.0
17840,-200.0
17841,-200.0
17842,-200.0
17843,-200.0
17844,-153.0
17845,-182.0
17846,-135.0
17847,-189.0
17848,-184.0
17849,-148.0
17850,-149.0
17851,-192.0
17852,-181.0
17853,-127.0
17854,-166.0
17855,-161.0
17856,-150.0
17857,-131.0
17858,-150.0
17859,-191.0
17860,-183.0
17861,-126.0
17862,-129.0
17863,-149.0
17864,-191.0
17865,-182.0
17866,-143.0
17867,-144.0
17868,-156.0
17869,-181.0
17870,-147.0
17871,-129.0
17872,-147.0
17873,-145.0
17874,-190.0
17875,-148.0
17876,-191.0
17877,-161.0
17878,-160.0
17879,-162.0
17880,-153.0
17881,-150.0
17882,-185.0
17883,-131.0
17884,-140.0
17885,-177.0
17886,-150.0
17887,-143.0
17888,-154.0
17889,-182.0
17890,-124.0
17891,-143.0
17892,-123.0
17893,-139.0
17894,-148.0
17895,-143.0
17896,-147.0
17897,-160.0
17898,-127.0
17899,-142.0
17900,-133.0
17901,-145.0
17902,-200.0
17903,-143.0
17904,-125.0
17905,-161.0
17906,-140.0
17907,-146.0
17908,-155.0
17909,-200.0
17910,-194.0
17911,-144.0
17912,-157.0
17913,-123.0
17914,-151.0
17915,-198.0
17916,-192.0
17917,-130.0
17918,-143.0
17919,-145.0
17920,-129.0
17921,-142.0
17922,-200.0
17923,-200.0
17924,-122.0
17925,-161.0
17926,-128.0
17927,-159.0
17928,-139.0
17929,-158.0
17930,-160.0
17931,-144.0
17932,-141.0
17933,-144.0
17934,-154.0
17935,-141.0
17936,-162.0
17937,-148.0
17938,-127.0
17939,-139.0
17940,-194.0
17941,-200.0
17942,-157.0
17943,-123.0
17944,-140.0
17945,-124.0
17946,-141.0
17947,-200.0
17948,-144.0
17949,-150.0
17950,-140.0
17951,-138.0
17952,-200.0
17953,-142.0
17954,-155.0
17955,-193.0
17956,-143.0
17957,-155.0
17958,-200.0
17959,-151.0
17960,-197.0
17961,-157.0
17962,-144.0
17963,-200.0
17964,-195.0
17965,-139.0
17966,-150.0
17967,-144.0
17968,-194.0
17969,-153.0
17970,-200.0
17971,-132.0
17972,-142.0
17973,-141.0
17974,-200.0
17975,-149.0
17976,-129.0
17977,-142.0
17978,-141.0
17979,-199.0
17980,-121.0
17981,-143.0
17982,-156.0
17983,-161.0
17984,-128.0
17985,-144.0
17986,-142.0
17987,-153.0
17988,-130.0
17989,-123.0
17990,-140.0
17991,-152.0
17992,-152.0
17993,-121.0
17994,-151.0
17995,-129.0
17996,-141.0
17997,-129.0
17998,-143.0
17999,-120.0
18000,-141.0
18001,-194.0
18002,-138.0
18003,-140.0
18004,-197.0
18005,-139.0
18006,-155.0
18007,-129.0
18008,-122.0
18009,-162.0
18010,-122.0
18011,-144.0
18012,-143.0
18013,-124.0
18014,-141.0
18015,-120.0
18016,-126.0
18017,-127.0
18018,-123.0
18019,-126.0
18020,-141.0
18021,-192.0
18022,-142.0
18023,-142.0
18024,-195.0
18025,-148.0
18026,-141.0
18027,-198.0
18028,-124.0
18029,-142.0
18030,-143.0
18031,-189.0
18032,-193.0
18033,-193.0
18034,-145.0
18035,-131.0
18036,-122.0
18037,-158.0
18038,-139.0
18039,-154.0
18040,-120.0
18041,-125.0
18042,-139.0
18043,-140.0
18044,-138.0
18045,-151.0
18046,-128.0
18047,-195.0
18048,-158.0
18049,-140.0
18050,-143.0
18051,-191.0
18052,-159.0
18053,-148.0
18054,-140.0
18055,-158.0
18056,-190.0
18057,-194.0
18058,-199.0
18059,-151.0
18060,-192.0
18061,-190.0
18062,-193.0
18063,-191.0
18064,-146.0
18065,-199.0
18066,-193.0
18067,-138.0
18068,-151.0
18069,-120.0
18070,-189.0
18071,-138.0
18072,-188.0
18073,-137.0
18074,-198.0
18075,-195.0
18076,-137.0
18077,-192.0
18078,-138.0
18079,-138.0
18080,-152.0
18081,-157.0
18082,-194.0
18083,-191.0
18084,-120.0
18085,-194.0
18086,-138.0
18087,-200.0
18088,-137.0
18089,-149.0
18090,-119.0
18091,-196.0
18092,-195.0
18093,-139.0
18094,-141.0
18095,-148.0
18096,-141.0
18097,-192.0
18098,-143.0
18099,-138.0
18100,-138.0
18101,-142.0
18102,-150.0
18103,-195.0
18104,-139.0
18105,-186.0
18106,-192.0
18107,-195.0
18108,-145.0
18109,-192.0
18110,-161.0
18111,-199.0
18112,-200.0
18113,-125.0
18114,-146.0
18115,-188.0
18116,-129.0
18117,-153.0
18118,-167.0
18119,-138.0
18120,-141.0
18121,-200.0
18122,-152.0
18123,-156.0
18124,-128.0
18125,-193.0
18126,-146.0
18127,-199.0
18128,-141.0
18129,-138.0
18130,-138.0
18131,-200.0
18132,-151.0
18133,-141.0
18134,-139.0
18135,-148.0
18136,-138.0
18137,-125.0
18138,-190.0
18139,-200.0
18140,-160.0
18141,-143.0
18142,-196.0
18143,-197.0
18144,-141.0
18145,-153.0
18146,-143.0
18147,-127.0
18148,-199.0
18149,-193.0
18150,-141.0
18151,-140.0
18152,-200.0
18153,-137.0
18154,-141.0
18155,-136.0
18156,-144.0
18157,-192.0
18158,-139.0
18159,-200.0
18160,-151.0
18161,-200.0
18162,-143.0
18163,-129.0
18164,-195.0
18165,-140.0
18166,-191.0
18167,-152.0
18168,-121.0
18169,-198.0
18170,-191.0
18171,-194.0
18172,-139.0
18173,-154.0
18174,-191.0
18175,-143.0
18176,-196.0
18177,-137.0
18178,-190.0
18179,-142.0
18180,-200.0
18181,-158.0
18182,-192.0
18183,-200.0
18184,-189.0
18185,-142.0
18186,-151.0
18187,-200.0
18188,-140.0
18189,-200.0
18190,-189.0
18191,-123.0
18192,-189.0
18193,-141.0
18194,-189.0
18195,-150.0
18196,-189.0
18197,-141.0
18198,-138.0
18199,-159.0
18200,-130.0
18201,-158.0
18202,-147.0
18203,-157.0
18204,-144.0
18205,-200.0
18206,-192.0
18207,-154.0
18208,-138.0
18209,-158.0
18210,-141.0
18211,-139.0
18212,-146.0
18213,-146.0
18214,-191.0
18215,-141.0
18216,-144.0
18217,-200.0
18218,-145.0
18219,-152.0
18220,-191.0
18221,-196.0
18222,-199.0
18223,-138.0
18224,-190.0
18225,-141.0
18226,-190.0
18227,-200.0
18228,-146.0
18229,-198.0
18230,-140.0
18231,-185.0
18232,-156.0
18233,-190.0
18234,-144.0
18235,-140.0
18236,-141.0
18237,-145.0
18238,-188.0
18239,-199.0
18240,-189.0
18241,-138.0
18242,-139.0
18243,-157.0
18244,-196.0
18245,-200.0
18246,-142.0
18247,-194.0
18248,-189.0
18249,-146.0
18250,-146.0
18251,-192.0
18252,-141.0
18253,-140.0
18254,-150.0
18255,-143.0
18256,-132.0
18257,-143.0
18258,-186.0
18259,-163.0
18260,-169.0
18261,-143.0
18262,-160.0
18263,-165.0
18264,-142.0
18265,-189.0
18266,-200.0
18267,-191.0
18268,-154.0
18269,-140.0
18270,-190.0
18271,-140.0
18272,-156.0
18273,-197.0
18274,-199.0
18275,-143.0
18276,-174.0
18277,-143.0
18278,-187.0
18279,-162.0
18280,-141.0
18281,-180.0
18282,-144.0
18283,-166.0
18284,-200.0
18285,-163.0
18286,-160.0
18287,-159.0
18288,-141.0
18289,-145.0
18290,-200.0
18291,-200.0
18292,-200.0
18293,-200.0
18294,-162.0
18295,-187.0
18296,-139.0
18297,-156.0
18298,-178.0
18299,-200.0
18300,-147.0
18301,-200.0
18302,-139.0
18303,-179.0
18304,-140.0
18305,-169.0
18306,-141.0
18307,-177.0
18308,-162.0
18309,-141.0
18310,-143.0
18311,-159.0
18312,-148.0
18313,-198.0
18314,-142.0
18315,-200.0
18316,-139.0
18317,-139.0
18318,-178.0
18319,-178.0
18320,-158.0
18321,-143.0
18322,-177.0
18323,-200.0
18324,-141.0
18325,-142.0
18326,-139.0
18327,-141.0
18328,-174.0
18329,-164.0
18330,-166.0
18331,-180.0
18332,-176.0
18333,-186.0
18334,-142.0
18335,-140.0
18336,-158.0
18337,-142.0
18338,-168.0
18339,-142.0
18340,-200.0
18341,-165.0
18342,-142.0
18343,-162.0
18344,-163.0
18345,-141.0
18346,-165.0
18347,-138.0
18348,-180.0
18349,-148.0
18350,-151.0
18351,-140.0
18352,-141.0
18353,-165.0
18354,-155.0
18355,-166.0
18356,-175.0
18357,-142.0
18358,-183.0
18359,-186.0
18360,-142.0
18361,-167.0
18362,-142.0
18363,-164.0
18364,-177.0
18365,-141.0
18366,-168.0
18367,-144.0
18368,-176.0
18369,-154.0
18370,-142.0
18371,-180.0
18372,-182.0
18373,-139.0
18374,-159.0
18375,-141.0
18376,-139.0
18377,-141.0
18378,-153.0
18379,-168.0
18380,-166.0
18381,-183.0
18382,-163.0
18383,-159.0
18384,-146.0
18385,-157.0
18386,-140.0
18387,-172.0
18388,-164.0
18389,-141.0
18390,-142.0
18391,-142.0
18392,-179.0
18393,-180.0
18394,-142.0
18395,-181.0
18396,-164.0
18397,-171.0
18398,-141.0
18399,-140.0
18400,-174.0
18401,-166.0
18402,-153.0
18403,-162.0
18404,-144.0
18405,-142.0
18406,-161.0
18407,-143.0
18408,-175.0
18409,-138.0
18410,-187.0
18411,-149.0
18412,-167.0
18413,-155.0
18414,-151.0
18415,-173.0
18416,-150.0
18417,-163.0
18418,-173.0
18419,-147.0
18420,-141.0
18421,-141.0
18422,-138.0
18423,-163.0
18424,-162.0
18425,-157.0
18426,-141.0
18427,-200.0
18428,-140.0
18429,-171.0
18430,-161.0
18431,-184.0
18432,-158.0
18433,-170.0
18434,-141.0
18435,-146.0
18436,-181.0
18437,-165.0
18438,-141.0
18439,-174.0
18440,-140.0
18441,-141.0
18442,-141.0
18443,-140.0
18444,-152.0
18445,-184.0
18446,-167.0
18447,-141.0
18448,-159.0
18449,-139.0
18450,-140.0
18451,-140.0
18452,-159.0
18453,-140.0
18454,-175.0
18455,-143.0
18456,-150.0
18457,-186.0
18458,-169.0
18459,-194.0
18460,-181.0
18461,-165.0
18462,-153.0
18463,-167.0
18464,-141.0
18465,-171.0
18466,-152.0
18467,-166.0
18468,-171.0
18469,-140.0
18470,-165.0
18471,-153.0
18472,-170.0
18473,-149.0
18474,-168.0
18475,-159.0
18476,-143.0
18477,-165.0
18478,-164.0
18479,-142.0
18480,-182.0
18481,-153.0
18482,-176.0
18483,-158.0
18484,-157.0
18485,-142.0
18486,-139.0
18487,-148.0
18488,-200.0
18489,-168.0
18490,-170.0
18491,-139.0
18492,-140.0
18493,-164.0
18494,-154.0
18495,-141.0
18496,-165.0
18497,-155.0
18498,-158.0
18499,-161.0
18500,-162.0
18501,-138.0
18502,-200.0
18503,-139.0
18504,-141.0
18505,-143.0
18506,-140.0
18507,-140.0
18508,-143.0
18509,-140.0
18510,-138.0
18511,-143.0
18512,-141.0
18513,-200.0
18514,-137.0
18515,-200.0
18516,-139.0
18517,-200.0
18518,-181.0
18519,-148.0
18520,-140.0
18521,-200.0
18522,-138.0
18523,-138.0
18524,-142.0
18525,-139.0
18526,-200.0
18527,-141.0
18528,-149.0
18529,-141.0
18530,-140.0
18531,-142.0
18532,-137.0
18533,-139.0
18534,-200.0
18535,-200.0
18536,-169.0
18537,-166.0
18538,-144.0
18539,-158.0
18540,-139.0
18541,-159.0
18542,-169.0
18543,-140.0
18544,-167.0
18545,-164.0
18546,-163.0
18547,-164.0
18548,-141.0
18549,-186.0
18550,-200.0
18551,-141.0
18552,-143.0
18553,-140.0
18554,-156.0
18555,-155.0
18556,-125.0
18557,-200.0
18558,-151.0
18559,-147.0
18560,-200.0
18561,-152.0
18562,-143.0
18563,-140.0
18564,-123.0
18565,-122.0
18566,-119.0
18567,-142.0
18568,-123.0
18569,-150.0
18570,-115.0
18571,-118.0
18572,-145.0
18573,-138.0
18574,-200.0
18575,-145.0
18576,-166.0
18577,-145.0
18578,-145.0
18579,-114.0
18580,-120.0
18581,-116.0
18582,-114.0
18583,-120.0
18584,-119.0
18585,-120.0
18586,-125.0
18587,-117.0
18588,-146.0
18589,-149.0
18590,-115.0
18591,-148.0
18592,-116.0
18593,-113.0
18594,-115.0
18595,-140.0
18596,-156.0
18597,-160.0
18598,-119.0
18599,-154.0
18600,-118.0
18601,-115.0
18602,-120.0
18603,-143.0
18604,-143.0
18605,-119.0
18606,-155.0
18607,-120.0
18608,-116.0
18609,-117.0
18610,-163.0
18611,-139.0
18612,-162.0
18613,-144.0
18614,-117.0
18615,-115.0
18616,-116.0
18617,-140.0
18618,-116.0
18619,-145.0
18620,-114.0
18621,-159.0
18622,-142.0
18623,-141.0
18624,-144.0
18625,-115.0
18626,-147.0
18627,-148.0
18628,-147.0
18629,-113.0
18630,-142.0
18631,-115.0
18632,-113.0
18633,-161.0
18634,-146.0
18635,-144.0
18636,-144.0
18637,-120.0
18638,-119.0
18639,-114.0
18640,-119.0
18641,-144.0
18642,-149.0
18643,-151.0
18644,-119.0
18645,-119.0
18646,-139.0
18647,-119.0
18648,-117.0
18649,-120.0
18650,-119.0
18651,-156.0
18652,-118.0
18653,-118.0
18654,-119.0
18655,-145.0
18656,-157.0
18657,-151.0
18658,-145.0
18659,-115.0
18660,-120.0
18661,-113.0
18662,-117.0
18663,-144.0
18664,-141.0
18665,-141.0
18666,-114.0
18667,-156.0
18668,-152.0
18669,-141.0
18670,-153.0
18671,-154.0
18672,-113.0
18673,-140.0
18674,-116.0
18675,-114.0
18676,-115.0
18677,-114.0
18678,-159.0
18679,-114.0
18680,-114.0
18681,-114.0
18682,-153.0
18683,-145.0
18684,-152.0
18685,-116.0
18686,-155.0
18687,-112.0
18688,-152.0
18689,-112.0
18690,-112.0
18691,-165.0
18692,-163.0
18693,-114.0
18694,-116.0
18695,-163.0
18696,-150.0
18697,-150.0
18698,-155.0
18699,-120.0
18700,-115.0
18701,-120.0
18702,-119.0
18703,-120.0
18704,-119.0
18705,-143.0
18706,-146.0
18707,-114.0
18708,-142.0
18709,-113.0
18710,-140.0
18711,-119.0
18712,-143.0
18713,-116.0
18714,-112.0
18715,-160.0
18716,-160.0
18717,-116.0
18718,-152.0
18719,-161.0
18720,-114.0
18721,-143.0
18722,-163.0
18723,-118.0
18724,-116.0
18725,-142.0
18726,-118.0
18727,-120.0
18728,-157.0
18729,-151.0
18730,-143.0
18731,-145.0
18732,-149.0
18733,-142.0
18734,-121.0
18735,-148.0
18736,-120.0
18737,-147.0
18738,-114.0
18739,-116.0
18740,-120.0
18741,-121.0
18742,-144.0
18743,-121.0
18744,-119.0
18745,-119.0
18746,-146.0
18747,-144.0
18748,-119.0
18749,-120.0
18750,-120.0
18751,-119.0
18752,-149.0
18753,-169.0
18754,-122.0
18755,-162.0
18756,-142.0
18757,-118.0
18758,-122.0
18759,-142.0
18760,-155.0
18761,-143.0
18762,-152.0
18763,-120.0
18764,-118.0
18765,-140.0
18766,-161.0
18767,-146.0
18768,-121.0
18769,-142.0
18770,-157.0
18771,-118.0
18772,-115.0
18773,-166.0
18774,-120.0
18775,-141.0
18776,-151.0
18777,-122.0
18778,-145.0
18779,-148.0
18780,-158.0
18781,-120.0
18782,-143.0
18783,-119.0
18784,-155.0
18785,-118.0
18786,-118.0
18787,-119.0
18788,-147.0
18789,-140.0
18790,-116.0
18791,-118.0
18792,-120.0
18793,-149.0
18794,-114.0
18795,-144.0
18796,-143.0
18797,-156.0
18798,-119.0
18799,-167.0
18800,-119.0
18801,-142.0
18802,-143.0
18803,-122.0
18804,-147.0
18805,-147.0
18806,-163.0
18807,-118.0
18808,-116.0
18809,-118.0
18810,-146.0
18811,-145.0
18812,-143.0
18813,-118.0
18814,-145.0
18815,-149.0
18816,-144.0
18817,-144.0
18818,-122.0
18819,-158.0
18820,-119.0
18821,-145.0
18822,-143.0
18823,-161.0
18824,-112.0
18825,-141.0
18826,-144.0
18827,-147.0
18828,-144.0
18829,-114.0
18830,-117.0
18831,-151.0
18832,-145.0
18833,-159.0
18834,-117.0
18835,-122.0
18836,-148.0
18837,-143.0
18838,-146.0
18839,-170.0
18840,-145.0
18841,-119.0
18842,-115.0
18843,-146.0
18844,-119.0
18845,-117.0
18846,-148.0
18847,-119.0
18848,-148.0
18849,-117.0
18850,-116.0
18851,-114.0
18852,-161.0
18853,-118.0
18854,-149.0
18855,-145.0
18856,-146.0
18857,-150.0
18858,-149.0
18859,-120.0
18860,-117.0
18861,-147.0
18862,-118.0
18863,-156.0
18864,-114.0
18865,-119.0
18866,-148.0
18867,-117.0
18868,-118.0
18869,-145.0
18870,-117.0
18871,-149.0
18872,-147.0
18873,-118.0
18874,-148.0
18875,-120.0
18876,-171.0
18877,-147.0
18878,-118.0
18879,-147.0
18880,-168.0
18881,-148.0
18882,-147.0
18883,-147.0
18884,-118.0
18885,-116.0
18886,-144.0
18887,-119.0
18888,-145.0
18889,-119.0
18890,-147.0
18891,-116.0
18892,-119.0
18893,-119.0
18894,-146.0
18895,-115.0
18896,-122.0
18897,-116.0
18898,-146.0
18899,-147.0
18900,-117.0
18901,-119.0
18902,-161.0
18903,-120.0
18904,-149.0
18905,-148.0
18906,-113.0
18907,-160.0
18908,-147.0
18909,-118.0
18910,-150.0
18911,-120.0
18912,-149.0
18913,-168.0
18914,-122.0
18915,-158.0
18916,-148.0
18917,-169.0
18918,-154.0
18919,-151.0
18920,-151.0
18921,-172.0
18922,-117.0
18923,-153.0
18924,-118.0
18925,-115.0
18926,-151.0
18927,-154.0
18928,-152.0
18929,-119.0
18930,-154.0
18931,-120.0
18932,-121.0
18933,-114.0
18934,-153.0
18935,-153.0
18936,-169.0
18937,-113.0
18938,-117.0
18939,-119.0
18940,-117.0
18941,-118.0
18942,-119.0
18943,-118.0
18944,-116.0
18945,-118.0
18946,-154.0
18947,-173.0
18948,-117.0
18949,-119.0
18950,-151.0
18951,-118.0
18952,-116.0
18953,-152.0
18954,-156.0
18955,-119.0
18956,-152.0
18957,-151.0
18958,-116.0
18959,-118.0
18960,-119.0
18961,-116.0
18962,-150.0
18963,-155.0
18964,-149.0
18965,-117.0
18966,-120.0
18967,-116.0
18968,-119.0
18969,-119.0
18970,-152.0
18971,-150.0
18972,-152.0
18973,-154.0
18974,-152.0
18975,-117.0
18976,-119.0
18977,-119.0
18978,-149.0
18979,-116.0
18980,-119.0
18981,-162.0
18982,-117.0
18983,-150.0
18984,-116.0
18985,-118.0
18986,-160.0
18987,-147.0
18988,-117.0
18989,-119.0
18990,-120.0
18991,-149.0
18992,-166.0
18993,-119.0
18994,-180.0
18995,-185.0
18996,-145.0
18997,-151.0
18998,-117.0
18999,-117.0
19000,-157.0
19001,-118.0
19002,-156.0
19003,-120.0
19004,-117.0
19005,-172.0
19006,-118.0
19007,-146.0
19008,-119.0
19009,-120.0
19010,-121.0
19011,-120.0
19012,-176.0
19013,-119.0
19014,-147.0
19015,-145.0
19016,-151.0
19017,-148.0
19018,-118.0
19019,-119.0
19020,-118.0
19021,-144.0
19022,-153.0
19023,-156.0
19024,-149.0
19025,-158.0
19026,-157.0
19027,-118.0
19028,-148.0
19029,-118.0
19030,-119.0
19031,-118.0
19032,-145.0
19033,-120.0
19034,-153.0
19035,-156.0
19036,-144.0
19037,-118.0
19038,-120.0
19039,-149.0
19040,-116.0
19041,-156.0
19042,-144.0
19043,-118.0
19044,-156.0
19045,-147.0
19046,-117.0
19047,-117.0
19048,-149.0
19049,-148.0
19050,-145.0
19051,-117.0
19052,-117.0
19053,-119.0
19054,-144.0
19055,-115.0
19056,-120.0
19057,-147.0
19058,-146.0
19059,-156.0
19060,-158.0
19061,-156.0
19062,-147.0
19063,-119.0
19064,-144.0
19065,-148.0
19066,-143.0
19067,-147.0
19068,-159.0
19069,-145.0
19070,-147.0
19071,-147.0
19072,-117.0
19073,-147.0
19074,-156.0
19075,-147.0
19076,-148.0
19077,-143.0
19078,-119.0
19079,-144.0
19080,-148.0
19081,-151.0
19082,-144.0
19083,-119.0
19084,-118.0
19085,-118.0
19086,-117.0
19087,-143.0
19088,-148.0
19089,-118.0
19090,-118.0
19091,-145.0
19092,-118.0
19093,-120.0
19094,-146.0
19095,-143.0
19096,-116.0
19097,-117.0
19098,-118.0
19099,-120.0
19100,-151.0
19101,-120.0
19102,-117.0
19103,-153.0
19104,-118.0
19105,-118.0
19106,-118.0
19107,-120.0
19108,-118.0
19109,-143.0
19110,-153.0
19111,-117.0
19112,-150.0
19113,-142.0
19114,-148.0
19115,-155.0
19116,-151.0
19117,-149.0
19118,-146.0
19119,-119.0
19120,-120.0
19121,-118.0
19122,-119.0
19123,-119.0
19124,-160.0
19125,-154.0
19126,-150.0
19127,-119.0
19128,-147.0
19129,-147.0
19130,-151.0
19131,-151.0
19132,-117.0
19133,-147.0
19134,-145.0
19135,-147.0
19136,-119.0
19137,-118.0
19138,-148.0
19139,-148.0
19140,-145.0
19141,-145.0
19142,-116.0
19143,-145.0
19144,-145.0
19145,-148.0
19146,-118.0
19147,-145.0
19148,-145.0
19149,-118.0
19150,-119.0
19151,-146.0
19152,-147.0
19153,-119.0
19154,-151.0
19155,-117.0
19156,-147.0
19157,-145.0
19158,-157.0
19159,-144.0
19160,-145.0
19161,-152.0
19162,-119.0
19163,-117.0
19164,-167.0
19165,-145.0
19166,-117.0
19167,-116.0
19168,-118.0
19169,-117.0
19170,-119.0
19171,-160.0
19172,-147.0
19173,-146.0
19174,-147.0
19175,-151.0
19176,-118.0
19177,-151.0
19178,-146.0
19179,-146.0
19180,-119.0
19181,-144.0
19182,-145.0
19183,-117.0
19184,-120.0
19185,-118.0
19186,-120.0
19187,-155.0
19188,-118.0
19189,-117.0
19190,-146.0
19191,-147.0
19192,-150.0
19193,-152.0
19194,-118.0
19195,-117.0
19196,-120.0
19197,-120.0
19198,-144.0
19199,-148.0
19200,-118.0
19201,-117.0
19202,-119.0
19203,-119.0
19204,-118.0
19205,-117.0
19206,-117.0
19207,-147.0
19208,-119.0
19209,-149.0
19210,-150.0
19211,-145.0
19212,-117.0
19213,-118.0
19214,-120.0
19215,-155.0
19216,-119.0
19217,-117.0
19218,-119.0
19219,-154.0
19220,-145.0
19221,-143.0
19222,-119.0
19223,-116.0
19224,-145.0
19225,-143.0
19226,-118.0
19227,-155.0
19228,-118.0
19229,-146.0
19230,-141.0
19231,-144.0
19232,-143.0
19233,-158.0
19234,-156.0
19235,-116.0
19236,-118.0
19237,-118.0
19238,-145.0
19239,-144.0
19240,-146.0
19241,-119.0
19242,-116.0
19243,-143.0
19244,-117.0
19245,-120.0
19246,-145.0
19247,-146.0
19248,-118.0
19249,-145.0
19250,-155.0
19251,-122.0
19252,-144.0
19253,-147.0
19254,-145.0
19255,-118.0
19256,-142.0
19257,-116.0
19258,-117.0
19259,-116.0
19260,-118.0
19261,-118.0
19262,-157.0
19263,-148.0
19264,-116.0
19265,-146.0
19266,-147.0
19267,-156.0
19268,-117.0
19269,-117.0
19270,-146.0
19271,-121.0
19272,-143.0
19273,-118.0
19274,-117.0
19275,-146.0
19276,-155.0
19277,-149.0
19278,-116.0
19279,-153.0
19280,-119.0
19281,-161.0
19282,-152.0
19283,-117.0
19284,-121.0
19285,-151.0
19286,-145.0
19287,-130.0
19288,-117.0
19289,-120.0
19290,-146.0
19291,-119.0
19292,-118.0
19293,-145.0
19294,-150.0
19295,-118.0
19296,-118.0
19297,-144.0
19298,-118.0
19299,-145.0
19300,-118.0
19301,-119.0
19302,-156.0
19303,-119.0
19304,-116.0
19305,-145.0
19306,-145.0
19307,-121.0
19308,-152.0
19309,-119.0
19310,-144.0
19311,-144.0
19312,-117.0
19313,-150.0
19314,-117.0
19315,-120.0
19316,-145.0
19317,-144.0
19318,-144.0
19319,-117.0
19320,-117.0
19321,-158.0
19322,-118.0
19323,-116.0
19324,-117.0
19325,-156.0
19326,-154.0
19327,-144.0
19328,-119.0
19329,-117.0
19330,-115.0
19331,-146.0
19332,-118.0
19333,-146.0
19334,-120.0
19335,-117.0
19336,-156.0
19337,-118.0
19338,-145.0
19339,-118.0
19340,-120.0
19341,-143.0
19342,-143.0
19343,-144.0
19344,-145.0
19345,-117.0
19346,-144.0
19347,-154.0
19348,-146.0
19349,-121.0
19350,-151.0
19351,-117.0
19352,-152.0
19353,-144.0
19354,-145.0
19355,-157.0
19356,-157.0
19357,-146.0
19358,-144.0
19359,-144.0
19360,-117.0
19361,-126.0
19362,-119.0
19363,-119.0
19364,-160.0
19365,-154.0
19366,-145.0
19367,-146.0
19368,-142.0
19369,-143.0
19370,-117.0
19371,-118.0
19372,-120.0
19373,-118.0
19374,-118.0
19375,-143.0
19376,-155.0
19377,-118.0
19378,-156.0
19379,-119.0
19380,-118.0
19381,-118.0
19382,-118.0
19383,-144.0
19384,-154.0
19385,-147.0
19386,-144.0
19387,-119.0
19388,-120.0
19389,-145.0
19390,-116.0
19391,-118.0
19392,-118.0
19393,-117.0
19394,-117.0
19395,-144.0
19396,-169.0
19397,-157.0
19398,-151.0
19399,-149.0
19400,-117.0
19401,-144.0
19402,-157.0
19403,-150.0
19404,-156.0
19405,-118.0
19406,-144.0
19407,-168.0
19408,-145.0
19409,-151.0
19410,-157.0
19411,-155.0
19412,-117.0
19413,-120.0
19414,-117.0
19415,-146.0
19416,-145.0
19417,-154.0
19418,-144.0
19419,-155.0
19420,-155.0
19421,-119.0
19422,-119.0
19423,-117.0
19424,-118.0
19425,-147.0
19426,-119.0
19427,-143.0
19428,-117.0
19429,-118.0
19430,-170.0
19431,-118.0
19432,-146.0
19433,-144.0
19434,-156.0
19435,-147.0
19436,-118.0
19437,-146.0
19438,-158.0
19439,-118.0
19440,-121.0
19441,-156.0
19442,-118.0
19443,-156.0
19444,-121.0
19445,-119.0
19446,-118.0
19447,-147.0
19448,-120.0
19449,-119.0
19450,-118.0
19451,-157.0
19452,-144.0
19453,-120.0
19454,-118.0
19455,-119.0
19456,-119.0
19457,-147.0
19458,-144.0
19459,-119.0
19460,-147.0
19461,-146.0
19462,-144.0
19463,-142.0
19464,-146.0
19465,-116.0
19466,-150.0
19467,-117.0
19468,-144.0
19469,-149.0
19470,-118.0
19471,-144.0
19472,-145.0
19473,-118.0
19474,-146.0
19475,-157.0
19476,-116.0
19477,-120.0
19478,-145.0
19479,-124.0
19480,-143.0
19481,-115.0
19482,-119.0
19483,-145.0
19484,-120.0
19485,-118.0
19486,-120.0
19487,-120.0
19488,-116.0
19489,-148.0
19490,-120.0
19491,-120.0
19492,-118.0
19493,-120.0
19494,-158.0
19495,-159.0
19496,-147.0
19497,-118.0
19498,-145.0
19499,-145.0
19500,-119.0
19501,-158.0
19502,-120.0
19503,-145.0
19504,-120.0
19505,-148.0
19506,-118.0
19507,-121.0
19508,-146.0
19509,-148.0
19510,-121.0
19511,-145.0
19512,-119.0
19513,-119.0
19514,-157.0
19515,-118.0
19516,-120.0
19517,-120.0
19518,-147.0
19519,-121.0
19520,-147.0
19521,-120.0
19522,-118.0
19523,-147.0
19524,-119.0
19525,-119.0
19526,-123.0
19527,-120.0
19528,-148.0
19529,-122.0
19530,-149.0
19531,-147.0
19532,-163.0
19533,-147.0
19534,-156.0
19535,-148.0
19536,-118.0
19537,-140.0
19538,-113.0
19539,-119.0
19540,-144.0
19541,-158.0
19542,-154.0
19543,-146.0
19544,-154.0
19545,-118.0
19546,-141.0
19547,-119.0
19548,-115.0
19549,-148.0
19550,-145.0
19551,-144.0
19552,-147.0
19553,-122.0
19554,-146.0
19555,-146.0
19556,-122.0
19557,-122.0
19558,-146.0
19559,-123.0
19560,-122.0
19561,-120.0
19562,-118.0
19563,-146.0
19564,-146.0
19565,-118.0
19566,-120.0
19567,-119.0
19568,-119.0
19569,-116.0
19570,-122.0
19571,-122.0
19572,-148.0
19573,-155.0
19574,-148.0
19575,-121.0
19576,-149.0
19577,-122.0
19578,-122.0
19579,-122.0
19580,-121.0
19581,-152.0
19582,-121.0
19583,-121.0
19584,-149.0
19585,-120.0
19586,-161.0
19587,-149.0
19588,-122.0
19589,-148.0
19590,-122.0
19591,-124.0
19592,-119.0
19593,-113.0
19594,-114.0
19595,-149.0
19596,-155.0
19597,-154.0
19598,-120.0
19599,-119.0
19600,-120.0
19601,-150.0
19602,-146.0
19603,-147.0
19604,-152.0
19605,-119.0
19606,-140.0
19607,-141.0
19608,-143.0
19609,-146.0
19610,-114.0
19611,-147.0
19612,-144.0
19613,-150.0
19614,-148.0
19615,-113.0
19616,-146.0
19617,-114.0
19618,-116.0
19619,-117.0
19620,-140.0
19621,-143.0
19622,-119.0
19623,-120.0
19624,-116.0
19625,-156.0
19626,-121.0
19627,-118.0
19628,-140.0
19629,-114.0
19630,-113.0
19631,-149.0
19632,-139.0
19633,-141.0
19634,-138.0
19635,-142.0
19636,-146.0
19637,-149.0
19638,-148.0
19639,-139.0
19640,-144.0
19641,-117.0
19642,-144.0
19643,-156.0
19644,-142.0
19645,-143.0
19646,-146.0
19647,-122.0
19648,-116.0
19649,-156.0
19650,-120.0
19651,-144.0
19652,-122.0
19653,-119.0
19654,-146.0
19655,-117.0
19656,-119.0
19657,-138.0
19658,-118.0
19659,-146.0
19660,-153.0
19661,-146.0
19662,-122.0
19663,-119.0
19664,-119.0
19665,-117.0
19666,-148.0
19667,-117.0
19668,-152.0
19669,-144.0
19670,-119.0
19671,-146.0
19672,-145.0
19673,-145.0
19674,-155.0
19675,-156.0
19676,-146.0
19677,-120.0
19678,-144.0
19679,-113.0
19680,-147.0
19681,-154.0
19682,-120.0
19683,-155.0
19684,-129.0
19685,-145.0
19686,-115.0
19687,-117.0
19688,-118.0
19689,-145.0
19690,-123.0
19691,-152.0
19692,-115.0
19693,-146.0
19694,-142.0
19695,-142.0
19696,-142.0
19697,-143.0
19698,-116.0
19699,-144.0
19700,-145.0
19701,-143.0
19702,-141.0
19703,-143.0
19704,-151.0
19705,-146.0
19706,-154.0
19707,-154.0
19708,-115.0
19709,-155.0
19710,-117.0
19711,-117.0
19712,-141.0
19713,-155.0
19714,-118.0
19715,-140.0
19716,-155.0
19717,-140.0
19718,-116.0
19719,-151.0
19720,-141.0
19721,-144.0
19722,-144.0
19723,-145.0
19724,-148.0
19725,-147.0
19726,-143.0
19727,-124.0
19728,-116.0
19729,-118.0
19730,-146.0
19731,-140.0
19732,-115.0
19733,-117.0
19734,-116.0
19735,-145.0
19736,-141.0
19737,-118.0
19738,-113.0
19739,-117.0
19740,-142.0
19741,-153.0
19742,-117.0
19743,-150.0
19744,-118.0
19745,-113.0
19746,-147.0
19747,-117.0
19748,-121.0
19749,-140.0
19750,-117.0
19751,-142.0
19752,-118.0
19753,-118.0
19754,-119.0
19755,-149.0
19756,-121.0
19757,-140.0
19758,-119.0
19759,-138.0
19760,-143.0
19761,-118.0
19762,-120.0
19763,-121.0
19764,-115.0
19765,-141.0
19766,-139.0
19767,-143.0
19768,-117.0
19769,-142.0
19770,-117.0
19771,-146.0
19772,-149.0
19773,-143.0
19774,-117.0
19775,-140.0
19776,-141.0
19777,-120.0
19778,-117.0
19779,-145.0
19780,-114.0
19781,-151.0
19782,-151.0
19783,-120.0
19784,-139.0
19785,-118.0
19786,-118.0
19787,-140.0
19788,-143.0
19789,-114.0
19790,-112.0
19791,-119.0
19792,-152.0
19793,-140.0
19794,-144.0
19795,-117.0
19796,-117.0
19797,-116.0
19798,-143.0
19799,-117.0
19800,-121.0
19801,-143.0
19802,-140.0
19803,-116.0
19804,-142.0
19805,-118.0
19806,-118.0
19807,-152.0
19808,-139.0
19809,-143.0
19810,-150.0
19811,-146.0
19812,-143.0
19813,-121.0
19814,-116.0
19815,-148.0
19816,-121.0
19817,-145.0
19818,-118.0
19819,-141.0
19820,-144.0
19821,-148.0
19822,-112.0
19823,-140.0
19824,-145.0
19825,-119.0
19826,-156.0
19827,-145.0
19828,-140.0
19829,-115.0
19830,-119.0
19831,-152.0
19832,-144.0
19833,-145.0
19834,-117.0
19835,-117.0
19836,-119.0
19837,-145.0
19838,-118.0
19839,-140.0
19840,-157.0
19841,-118.0
19842,-143.0
19843,-119.0
19844,-145.0
19845,-122.0
19846,-150.0
19847,-116.0
19848,-144.0
19849,-117.0
19850,-118.0
19851,-113.0
19852,-140.0
19853,-120.0
19854,-116.0
19855,-118.0
19856,-146.0
19857,-140.0
19858,-120.0
19859,-119.0
19860,-140.0
19861,-115.0
19862,-138.0
19863,-140.0
19864,-144.0
19865,-117.0
19866,-147.0
19867,-120.0
19868,-116.0
19869,-118.0
19870,-119.0
19871,-140.0
19872,-142.0
19873,-119.0
19874,-148.0
19875,-154.0
19876,-138.0
19877,-154.0
19878,-118.0
19879,-146.0
19880,-149.0
19881,-141.0
19882,-140.0
19883,-118.0
19884,-140.0
19885,-120.0
19886,-122.0
19887,-148.0
19888,-118.0
19889,-148.0
19890,-114.0
19891,-148.0
19892,-143.0
19893,-117.0
19894,-154.0
19895,-112.0
19896,-140.0
19897,-148.0
19898,-120.0
19899,-115.0
19900,-147.0
19901,-143.0
19902,-143.0
19903,-116.0
19904,-156.0
19905,-116.0
19906,-117.0
19907,-144.0
19908,-153.0
19909,-138.0
19910,-116.0
19911,-113.0
19912,-144.0
19913,-156.0
19914,-145.0
19915,-113.0
19916,-117.0
19917,-155.0
19918,-146.0
19919,-140.0
19920,-146.0
19921,-120.0
19922,-149.0
19923,-149.0
19924,-150.0
19925,-153.0
19926,-122.0
19927,-119.0
19928,-145.0
19929,-116.0
19930,-139.0
19931,-154.0
19932,-112.0
19933,-120.0
19934,-145.0
19935,-141.0
19936,-118.0
19937,-147.0
19938,-141.0
19939,-120.0
19940,-122.0
19941,-139.0
19942,-152.0
19943,-117.0
19944,-144.0
19945,-143.0
19946,-153.0
19947,-146.0
19948,-146.0
19949,-142.0
19950,-155.0
19951,-148.0
19952,-176.0
19953,-138.0
19954,-144.0
19955,-140.0
19956,-133.0
19957,-141.0
19958,-173.0
19959,-170.0
19960,-141.0
19961,-165.0
19962,-119.0
19963,-143.0
19964,-145.0
19965,-142.0
19966,-173.0
19967,-145.0
19968,-164.0
19969,-174.0
19970,-147.0
19971,-141.0
19972,-172.0
19973,-143.0
19974,-144.0
19975,-118.0
19976,-143.0
19977,-139.0
19978,-139.0
19979,-139.0
19980,-144.0
19981,-118.0
19982,-146.0
19983,-146.0
19984,-177.0
19985,-179.0
19986,-147.0
19987,-143.0
19988,-141.0
19989,-142.0
19990,-146.0
19991,-144.0
19992,-144.0
19993,-144.0
19994,-139.0
19995,-118.0
19996,-145.0
19997,-120.0
19998,-145.0
19999,-121.0
20000,-143.0
